Found 100 subjects to process
Cache directory: /home/shamique/projects/sleep/data/cache/sleep_edf

[1/100] SC4001
Processing SC4001: PSG=SC4001E0-PSG.edf, Hyp=SC4001EC-Hypnogram.edf
/home/shamique/projects/sleep/scripts/preprocess_sleep_edf_expanded.py:76: RuntimeWarning: Channels contain different highpass filters. Highest filter setting will be stored.
  raw = mne.io.read_raw_edf(str(psg_path), preload=True, verbose=False)
/home/shamique/projects/sleep/scripts/preprocess_sleep_edf_expanded.py:76: RuntimeWarning: Channels contain different lowpass filters. Lowest filter setting will be stored.
  raw = mne.io.read_raw_edf(str(psg_path), preload=True, verbose=False)
/home/shamique/projects/sleep/scripts/preprocess_sleep_edf_expanded.py:76: RuntimeWarning: Highpass cutoff frequency 16.0 is greater than lowpass cutoff frequency 0.7, setting values to 0 and Nyquist.
  raw = mne.io.read_raw_edf(str(psg_path), preload=True, verbose=False)
NOTE: pick_channels() is a legacy function. New code should use inst.pick(...).
Used Annotations descriptions: [np.str_('Sleep stage 1'), np.str_('Sleep stage 2'), np.str_('Sleep stage 3'), np.str_('Sleep stage 4'), np.str_('Sleep stage R'), np.str_('Sleep stage W')]
  2650 epochs, 4 channels, N1=58, REM=125 (10.9s)

[2/100] SC4002
Processing SC4002: PSG=SC4002E0-PSG.edf, Hyp=SC4002EC-Hypnogram.edf
/home/shamique/projects/sleep/scripts/preprocess_sleep_edf_expanded.py:76: RuntimeWarning: Channels contain different highpass filters. Highest filter setting will be stored.
  raw = mne.io.read_raw_edf(str(psg_path), preload=True, verbose=False)
/home/shamique/projects/sleep/scripts/preprocess_sleep_edf_expanded.py:76: RuntimeWarning: Channels contain different lowpass filters. Lowest filter setting will be stored.
  raw = mne.io.read_raw_edf(str(psg_path), preload=True, verbose=False)
/home/shamique/projects/sleep/scripts/preprocess_sleep_edf_expanded.py:76: RuntimeWarning: Highpass cutoff frequency 16.0 is greater than lowpass cutoff frequency 0.7, setting values to 0 and Nyquist.
  raw = mne.io.read_raw_edf(str(psg_path), preload=True, verbose=False)
NOTE: pick_channels() is a legacy function. New code should use inst.pick(...).
Used Annotations descriptions: [np.str_('Sleep stage 1'), np.str_('Sleep stage 2'), np.str_('Sleep stage 3'), np.str_('Sleep stage 4'), np.str_('Sleep stage R'), np.str_('Sleep stage W')]
  2829 epochs, 4 channels, N1=59, REM=215 (11.6s)

[3/100] SC4011
Processing SC4011: PSG=SC4011E0-PSG.edf, Hyp=SC4011EH-Hypnogram.edf
/home/shamique/projects/sleep/scripts/preprocess_sleep_edf_expanded.py:76: RuntimeWarning: Channels contain different highpass filters. Highest filter setting will be stored.
  raw = mne.io.read_raw_edf(str(psg_path), preload=True, verbose=False)
/home/shamique/projects/sleep/scripts/preprocess_sleep_edf_expanded.py:76: RuntimeWarning: Channels contain different lowpass filters. Lowest filter setting will be stored.
  raw = mne.io.read_raw_edf(str(psg_path), preload=True, verbose=False)
/home/shamique/projects/sleep/scripts/preprocess_sleep_edf_expanded.py:76: RuntimeWarning: Highpass cutoff frequency 16.0 is greater than lowpass cutoff frequency 0.7, setting values to 0 and Nyquist.
  raw = mne.io.read_raw_edf(str(psg_path), preload=True, verbose=False)
NOTE: pick_channels() is a legacy function. New code should use inst.pick(...).
Used Annotations descriptions: [np.str_('Sleep stage 1'), np.str_('Sleep stage 2'), np.str_('Sleep stage 3'), np.str_('Sleep stage 4'), np.str_('Sleep stage R'), np.str_('Sleep stage W')]
  2802 epochs, 4 channels, N1=109, REM=170 (11.1s)

[4/100] SC4012
Processing SC4012: PSG=SC4012E0-PSG.edf, Hyp=SC4012EC-Hypnogram.edf
/home/shamique/projects/sleep/scripts/preprocess_sleep_edf_expanded.py:76: RuntimeWarning: Channels contain different highpass filters. Highest filter setting will be stored.
  raw = mne.io.read_raw_edf(str(psg_path), preload=True, verbose=False)
/home/shamique/projects/sleep/scripts/preprocess_sleep_edf_expanded.py:76: RuntimeWarning: Channels contain different lowpass filters. Lowest filter setting will be stored.
  raw = mne.io.read_raw_edf(str(psg_path), preload=True, verbose=False)
/home/shamique/projects/sleep/scripts/preprocess_sleep_edf_expanded.py:76: RuntimeWarning: Highpass cutoff frequency 16.0 is greater than lowpass cutoff frequency 0.7, setting values to 0 and Nyquist.
  raw = mne.io.read_raw_edf(str(psg_path), preload=True, verbose=False)
NOTE: pick_channels() is a legacy function. New code should use inst.pick(...).
Used Annotations descriptions: [np.str_('Sleep stage 1'), np.str_('Sleep stage 2'), np.str_('Sleep stage 3'), np.str_('Sleep stage 4'), np.str_('Sleep stage R'), np.str_('Sleep stage W')]
  2848 epochs, 4 channels, N1=92, REM=176 (9.9s)

[5/100] SC4021
Processing SC4021: PSG=SC4021E0-PSG.edf, Hyp=SC4021EH-Hypnogram.edf
/home/shamique/projects/sleep/scripts/preprocess_sleep_edf_expanded.py:76: RuntimeWarning: Channels contain different highpass filters. Highest filter setting will be stored.
  raw = mne.io.read_raw_edf(str(psg_path), preload=True, verbose=False)
/home/shamique/projects/sleep/scripts/preprocess_sleep_edf_expanded.py:76: RuntimeWarning: Channels contain different lowpass filters. Lowest filter setting will be stored.
  raw = mne.io.read_raw_edf(str(psg_path), preload=True, verbose=False)
/home/shamique/projects/sleep/scripts/preprocess_sleep_edf_expanded.py:76: RuntimeWarning: Highpass cutoff frequency 16.0 is greater than lowpass cutoff frequency 0.7, setting values to 0 and Nyquist.
  raw = mne.io.read_raw_edf(str(psg_path), preload=True, verbose=False)
NOTE: pick_channels() is a legacy function. New code should use inst.pick(...).
Used Annotations descriptions: [np.str_('Sleep stage 1'), np.str_('Sleep stage 2'), np.str_('Sleep stage 3'), np.str_('Sleep stage 4'), np.str_('Sleep stage R'), np.str_('Sleep stage W')]
  2804 epochs, 4 channels, N1=94, REM=163 (13.5s)

[6/100] SC4022
Processing SC4022: PSG=SC4022E0-PSG.edf, Hyp=SC4022EJ-Hypnogram.edf
/home/shamique/projects/sleep/scripts/preprocess_sleep_edf_expanded.py:76: RuntimeWarning: Channels contain different highpass filters. Highest filter setting will be stored.
  raw = mne.io.read_raw_edf(str(psg_path), preload=True, verbose=False)
/home/shamique/projects/sleep/scripts/preprocess_sleep_edf_expanded.py:76: RuntimeWarning: Channels contain different lowpass filters. Lowest filter setting will be stored.
  raw = mne.io.read_raw_edf(str(psg_path), preload=True, verbose=False)
/home/shamique/projects/sleep/scripts/preprocess_sleep_edf_expanded.py:76: RuntimeWarning: Highpass cutoff frequency 16.0 is greater than lowpass cutoff frequency 0.7, setting values to 0 and Nyquist.
  raw = mne.io.read_raw_edf(str(psg_path), preload=True, verbose=False)
NOTE: pick_channels() is a legacy function. New code should use inst.pick(...).
Used Annotations descriptions: [np.str_('Sleep stage 1'), np.str_('Sleep stage 2'), np.str_('Sleep stage 3'), np.str_('Sleep stage 4'), np.str_('Sleep stage R'), np.str_('Sleep stage W')]
  2755 epochs, 4 channels, N1=184, REM=179 (10.3s)

[7/100] SC4031
Processing SC4031: PSG=SC4031E0-PSG.edf, Hyp=SC4031EC-Hypnogram.edf
/home/shamique/projects/sleep/scripts/preprocess_sleep_edf_expanded.py:76: RuntimeWarning: Channels contain different highpass filters. Highest filter setting will be stored.
  raw = mne.io.read_raw_edf(str(psg_path), preload=True, verbose=False)
/home/shamique/projects/sleep/scripts/preprocess_sleep_edf_expanded.py:76: RuntimeWarning: Channels contain different lowpass filters. Lowest filter setting will be stored.
  raw = mne.io.read_raw_edf(str(psg_path), preload=True, verbose=False)
/home/shamique/projects/sleep/scripts/preprocess_sleep_edf_expanded.py:76: RuntimeWarning: Highpass cutoff frequency 16.0 is greater than lowpass cutoff frequency 0.7, setting values to 0 and Nyquist.
  raw = mne.io.read_raw_edf(str(psg_path), preload=True, verbose=False)
NOTE: pick_channels() is a legacy function. New code should use inst.pick(...).
Used Annotations descriptions: [np.str_('Sleep stage 1'), np.str_('Sleep stage 2'), np.str_('Sleep stage 3'), np.str_('Sleep stage 4'), np.str_('Sleep stage R'), np.str_('Sleep stage W')]
  2820 epochs, 4 channels, N1=61, REM=209 (8.7s)

[8/100] SC4032
Processing SC4032: PSG=SC4032E0-PSG.edf, Hyp=SC4032EP-Hypnogram.edf
/home/shamique/projects/sleep/scripts/preprocess_sleep_edf_expanded.py:76: RuntimeWarning: Channels contain different highpass filters. Highest filter setting will be stored.
  raw = mne.io.read_raw_edf(str(psg_path), preload=True, verbose=False)
/home/shamique/projects/sleep/scripts/preprocess_sleep_edf_expanded.py:76: RuntimeWarning: Channels contain different lowpass filters. Lowest filter setting will be stored.
  raw = mne.io.read_raw_edf(str(psg_path), preload=True, verbose=False)
/home/shamique/projects/sleep/scripts/preprocess_sleep_edf_expanded.py:76: RuntimeWarning: Highpass cutoff frequency 16.0 is greater than lowpass cutoff frequency 0.7, setting values to 0 and Nyquist.
  raw = mne.io.read_raw_edf(str(psg_path), preload=True, verbose=False)
NOTE: pick_channels() is a legacy function. New code should use inst.pick(...).
Used Annotations descriptions: [np.str_('Sleep stage 1'), np.str_('Sleep stage 2'), np.str_('Sleep stage 3'), np.str_('Sleep stage 4'), np.str_('Sleep stage R'), np.str_('Sleep stage W')]
  2732 epochs, 4 channels, N1=45, REM=199 (12.4s)

[9/100] SC4041
Processing SC4041: PSG=SC4041E0-PSG.edf, Hyp=SC4041EC-Hypnogram.edf
/home/shamique/projects/sleep/scripts/preprocess_sleep_edf_expanded.py:76: RuntimeWarning: Channels contain different highpass filters. Highest filter setting will be stored.
  raw = mne.io.read_raw_edf(str(psg_path), preload=True, verbose=False)
/home/shamique/projects/sleep/scripts/preprocess_sleep_edf_expanded.py:76: RuntimeWarning: Channels contain different lowpass filters. Lowest filter setting will be stored.
  raw = mne.io.read_raw_edf(str(psg_path), preload=True, verbose=False)
/home/shamique/projects/sleep/scripts/preprocess_sleep_edf_expanded.py:76: RuntimeWarning: Highpass cutoff frequency 16.0 is greater than lowpass cutoff frequency 0.7, setting values to 0 and Nyquist.
  raw = mne.io.read_raw_edf(str(psg_path), preload=True, verbose=False)
NOTE: pick_channels() is a legacy function. New code should use inst.pick(...).
Used Annotations descriptions: [np.str_('Sleep stage 1'), np.str_('Sleep stage 2'), np.str_('Sleep stage 3'), np.str_('Sleep stage R'), np.str_('Sleep stage W')]
  2569 epochs, 4 channels, N1=166, REM=196 (10.9s)

[10/100] SC4042
Processing SC4042: PSG=SC4042E0-PSG.edf, Hyp=SC4042EC-Hypnogram.edf
/home/shamique/projects/sleep/scripts/preprocess_sleep_edf_expanded.py:76: RuntimeWarning: Channels contain different highpass filters. Highest filter setting will be stored.
  raw = mne.io.read_raw_edf(str(psg_path), preload=True, verbose=False)
/home/shamique/projects/sleep/scripts/preprocess_sleep_edf_expanded.py:76: RuntimeWarning: Channels contain different lowpass filters. Lowest filter setting will be stored.
  raw = mne.io.read_raw_edf(str(psg_path), preload=True, verbose=False)
/home/shamique/projects/sleep/scripts/preprocess_sleep_edf_expanded.py:76: RuntimeWarning: Highpass cutoff frequency 16.0 is greater than lowpass cutoff frequency 0.7, setting values to 0 and Nyquist.
  raw = mne.io.read_raw_edf(str(psg_path), preload=True, verbose=False)
NOTE: pick_channels() is a legacy function. New code should use inst.pick(...).
Used Annotations descriptions: [np.str_('Sleep stage 1'), np.str_('Sleep stage 2'), np.str_('Sleep stage 3'), np.str_('Sleep stage 4'), np.str_('Sleep stage R'), np.str_('Sleep stage W')]
  2788 epochs, 4 channels, N1=137, REM=270 (11.4s)

[11/100] SC4051
Processing SC4051: PSG=SC4051E0-PSG.edf, Hyp=SC4051EC-Hypnogram.edf
/home/shamique/projects/sleep/scripts/preprocess_sleep_edf_expanded.py:76: RuntimeWarning: Channels contain different highpass filters. Highest filter setting will be stored.
  raw = mne.io.read_raw_edf(str(psg_path), preload=True, verbose=False)
/home/shamique/projects/sleep/scripts/preprocess_sleep_edf_expanded.py:76: RuntimeWarning: Channels contain different lowpass filters. Lowest filter setting will be stored.
  raw = mne.io.read_raw_edf(str(psg_path), preload=True, verbose=False)
/home/shamique/projects/sleep/scripts/preprocess_sleep_edf_expanded.py:76: RuntimeWarning: Highpass cutoff frequency 16.0 is greater than lowpass cutoff frequency 0.7, setting values to 0 and Nyquist.
  raw = mne.io.read_raw_edf(str(psg_path), preload=True, verbose=False)
NOTE: pick_channels() is a legacy function. New code should use inst.pick(...).
Used Annotations descriptions: [np.str_('Sleep stage 1'), np.str_('Sleep stage 2'), np.str_('Sleep stage 3'), np.str_('Sleep stage 4'), np.str_('Sleep stage R'), np.str_('Sleep stage W')]
  2722 epochs, 4 channels, N1=44, REM=68 (17.0s)

[12/100] SC4052
Processing SC4052: PSG=SC4052E0-PSG.edf, Hyp=SC4052EC-Hypnogram.edf
/home/shamique/projects/sleep/scripts/preprocess_sleep_edf_expanded.py:76: RuntimeWarning: Channels contain different highpass filters. Highest filter setting will be stored.
  raw = mne.io.read_raw_edf(str(psg_path), preload=True, verbose=False)
/home/shamique/projects/sleep/scripts/preprocess_sleep_edf_expanded.py:76: RuntimeWarning: Channels contain different lowpass filters. Lowest filter setting will be stored.
  raw = mne.io.read_raw_edf(str(psg_path), preload=True, verbose=False)
/home/shamique/projects/sleep/scripts/preprocess_sleep_edf_expanded.py:76: RuntimeWarning: Highpass cutoff frequency 16.0 is greater than lowpass cutoff frequency 0.7, setting values to 0 and Nyquist.
  raw = mne.io.read_raw_edf(str(psg_path), preload=True, verbose=False)
NOTE: pick_channels() is a legacy function. New code should use inst.pick(...).
Used Annotations descriptions: [np.str_('Sleep stage 1'), np.str_('Sleep stage 2'), np.str_('Sleep stage 3'), np.str_('Sleep stage 4'), np.str_('Sleep stage R'), np.str_('Sleep stage W')]
  2804 epochs, 4 channels, N1=114, REM=180 (9.9s)

[13/100] SC4061
Processing SC4061: PSG=SC4061E0-PSG.edf, Hyp=SC4061EC-Hypnogram.edf
/home/shamique/projects/sleep/scripts/preprocess_sleep_edf_expanded.py:76: RuntimeWarning: Channels contain different highpass filters. Highest filter setting will be stored.
  raw = mne.io.read_raw_edf(str(psg_path), preload=True, verbose=False)
/home/shamique/projects/sleep/scripts/preprocess_sleep_edf_expanded.py:76: RuntimeWarning: Channels contain different lowpass filters. Lowest filter setting will be stored.
  raw = mne.io.read_raw_edf(str(psg_path), preload=True, verbose=False)
/home/shamique/projects/sleep/scripts/preprocess_sleep_edf_expanded.py:76: RuntimeWarning: Highpass cutoff frequency 16.0 is greater than lowpass cutoff frequency 0.7, setting values to 0 and Nyquist.
  raw = mne.io.read_raw_edf(str(psg_path), preload=True, verbose=False)
NOTE: pick_channels() is a legacy function. New code should use inst.pick(...).
Used Annotations descriptions: [np.str_('Sleep stage 1'), np.str_('Sleep stage 2'), np.str_('Sleep stage 3'), np.str_('Sleep stage 4'), np.str_('Sleep stage R'), np.str_('Sleep stage W')]
  2770 epochs, 4 channels, N1=56, REM=102 (8.8s)

[14/100] SC4062
Processing SC4062: PSG=SC4062E0-PSG.edf, Hyp=SC4062EC-Hypnogram.edf
/home/shamique/projects/sleep/scripts/preprocess_sleep_edf_expanded.py:76: RuntimeWarning: Channels contain different highpass filters. Highest filter setting will be stored.
  raw = mne.io.read_raw_edf(str(psg_path), preload=True, verbose=False)
/home/shamique/projects/sleep/scripts/preprocess_sleep_edf_expanded.py:76: RuntimeWarning: Channels contain different lowpass filters. Lowest filter setting will be stored.
  raw = mne.io.read_raw_edf(str(psg_path), preload=True, verbose=False)
/home/shamique/projects/sleep/scripts/preprocess_sleep_edf_expanded.py:76: RuntimeWarning: Highpass cutoff frequency 16.0 is greater than lowpass cutoff frequency 0.7, setting values to 0 and Nyquist.
  raw = mne.io.read_raw_edf(str(psg_path), preload=True, verbose=False)
NOTE: pick_channels() is a legacy function. New code should use inst.pick(...).
Used Annotations descriptions: [np.str_('Sleep stage 1'), np.str_('Sleep stage 2'), np.str_('Sleep stage 3'), np.str_('Sleep stage 4'), np.str_('Sleep stage R'), np.str_('Sleep stage W')]
  2830 epochs, 4 channels, N1=90, REM=187 (8.6s)

[15/100] SC4071
Processing SC4071: PSG=SC4071E0-PSG.edf, Hyp=SC4071EC-Hypnogram.edf
/home/shamique/projects/sleep/scripts/preprocess_sleep_edf_expanded.py:76: RuntimeWarning: Channels contain different highpass filters. Highest filter setting will be stored.
  raw = mne.io.read_raw_edf(str(psg_path), preload=True, verbose=False)
/home/shamique/projects/sleep/scripts/preprocess_sleep_edf_expanded.py:76: RuntimeWarning: Channels contain different lowpass filters. Lowest filter setting will be stored.
  raw = mne.io.read_raw_edf(str(psg_path), preload=True, verbose=False)
/home/shamique/projects/sleep/scripts/preprocess_sleep_edf_expanded.py:76: RuntimeWarning: Highpass cutoff frequency 16.0 is greater than lowpass cutoff frequency 0.7, setting values to 0 and Nyquist.
  raw = mne.io.read_raw_edf(str(psg_path), preload=True, verbose=False)
NOTE: pick_channels() is a legacy function. New code should use inst.pick(...).
Used Annotations descriptions: [np.str_('Sleep stage 1'), np.str_('Sleep stage 2'), np.str_('Sleep stage 3'), np.str_('Sleep stage 4'), np.str_('Sleep stage R'), np.str_('Sleep stage W')]
  2810 epochs, 4 channels, N1=89, REM=198 (10.0s)

[16/100] SC4072
Processing SC4072: PSG=SC4072E0-PSG.edf, Hyp=SC4072EH-Hypnogram.edf
/home/shamique/projects/sleep/scripts/preprocess_sleep_edf_expanded.py:76: RuntimeWarning: Channels contain different highpass filters. Highest filter setting will be stored.
  raw = mne.io.read_raw_edf(str(psg_path), preload=True, verbose=False)
/home/shamique/projects/sleep/scripts/preprocess_sleep_edf_expanded.py:76: RuntimeWarning: Channels contain different lowpass filters. Lowest filter setting will be stored.
  raw = mne.io.read_raw_edf(str(psg_path), preload=True, verbose=False)
/home/shamique/projects/sleep/scripts/preprocess_sleep_edf_expanded.py:76: RuntimeWarning: Highpass cutoff frequency 16.0 is greater than lowpass cutoff frequency 0.7, setting values to 0 and Nyquist.
  raw = mne.io.read_raw_edf(str(psg_path), preload=True, verbose=False)
NOTE: pick_channels() is a legacy function. New code should use inst.pick(...).
Used Annotations descriptions: [np.str_('Sleep stage 1'), np.str_('Sleep stage 2'), np.str_('Sleep stage 3'), np.str_('Sleep stage 4'), np.str_('Sleep stage R'), np.str_('Sleep stage W')]
  2770 epochs, 4 channels, N1=84, REM=168 (11.6s)

[17/100] SC4081
Processing SC4081: PSG=SC4081E0-PSG.edf, Hyp=SC4081EC-Hypnogram.edf
/home/shamique/projects/sleep/scripts/preprocess_sleep_edf_expanded.py:76: RuntimeWarning: Channels contain different highpass filters. Highest filter setting will be stored.
  raw = mne.io.read_raw_edf(str(psg_path), preload=True, verbose=False)
/home/shamique/projects/sleep/scripts/preprocess_sleep_edf_expanded.py:76: RuntimeWarning: Channels contain different lowpass filters. Lowest filter setting will be stored.
  raw = mne.io.read_raw_edf(str(psg_path), preload=True, verbose=False)
/home/shamique/projects/sleep/scripts/preprocess_sleep_edf_expanded.py:76: RuntimeWarning: Highpass cutoff frequency 16.0 is greater than lowpass cutoff frequency 0.7, setting values to 0 and Nyquist.
  raw = mne.io.read_raw_edf(str(psg_path), preload=True, verbose=False)
NOTE: pick_channels() is a legacy function. New code should use inst.pick(...).
Used Annotations descriptions: [np.str_('Sleep stage 1'), np.str_('Sleep stage 2'), np.str_('Sleep stage 3'), np.str_('Sleep stage 4'), np.str_('Sleep stage R'), np.str_('Sleep stage W')]
  2796 epochs, 4 channels, N1=68, REM=131 (9.7s)

[18/100] SC4082
Processing SC4082: PSG=SC4082E0-PSG.edf, Hyp=SC4082EP-Hypnogram.edf
/home/shamique/projects/sleep/scripts/preprocess_sleep_edf_expanded.py:76: RuntimeWarning: Number of records from the header does not match the file size (perhaps the recording was not stopped before exiting). Inferring from the file size.
  raw = mne.io.read_raw_edf(str(psg_path), preload=True, verbose=False)
/home/shamique/projects/sleep/scripts/preprocess_sleep_edf_expanded.py:76: RuntimeWarning: Channels contain different highpass filters. Highest filter setting will be stored.
  raw = mne.io.read_raw_edf(str(psg_path), preload=True, verbose=False)
/home/shamique/projects/sleep/scripts/preprocess_sleep_edf_expanded.py:76: RuntimeWarning: Channels contain different lowpass filters. Lowest filter setting will be stored.
  raw = mne.io.read_raw_edf(str(psg_path), preload=True, verbose=False)
/home/shamique/projects/sleep/scripts/preprocess_sleep_edf_expanded.py:76: RuntimeWarning: Highpass cutoff frequency 16.0 is greater than lowpass cutoff frequency 0.7, setting values to 0 and Nyquist.
  raw = mne.io.read_raw_edf(str(psg_path), preload=True, verbose=False)
NOTE: pick_channels() is a legacy function. New code should use inst.pick(...).
Used Annotations descriptions: [np.str_('Sleep stage W')]
  462 epochs, 4 channels, N1=0, REM=0 (0.8s)

[19/100] SC4091
Processing SC4091: PSG=SC4091E0-PSG.edf, Hyp=SC4091EC-Hypnogram.edf
/home/shamique/projects/sleep/scripts/preprocess_sleep_edf_expanded.py:76: RuntimeWarning: Channels contain different highpass filters. Highest filter setting will be stored.
  raw = mne.io.read_raw_edf(str(psg_path), preload=True, verbose=False)
/home/shamique/projects/sleep/scripts/preprocess_sleep_edf_expanded.py:76: RuntimeWarning: Channels contain different lowpass filters. Lowest filter setting will be stored.
  raw = mne.io.read_raw_edf(str(psg_path), preload=True, verbose=False)
/home/shamique/projects/sleep/scripts/preprocess_sleep_edf_expanded.py:76: RuntimeWarning: Highpass cutoff frequency 16.0 is greater than lowpass cutoff frequency 0.7, setting values to 0 and Nyquist.
  raw = mne.io.read_raw_edf(str(psg_path), preload=True, verbose=False)
NOTE: pick_channels() is a legacy function. New code should use inst.pick(...).
Used Annotations descriptions: [np.str_('Sleep stage 1'), np.str_('Sleep stage 2'), np.str_('Sleep stage 3'), np.str_('Sleep stage 4'), np.str_('Sleep stage R'), np.str_('Sleep stage W')]
  2721 epochs, 4 channels, N1=19, REM=232 (12.5s)

[20/100] SC4092
Processing SC4092: PSG=SC4092E0-PSG.edf, Hyp=SC4092EC-Hypnogram.edf
/home/shamique/projects/sleep/scripts/preprocess_sleep_edf_expanded.py:76: RuntimeWarning: Channels contain different highpass filters. Highest filter setting will be stored.
  raw = mne.io.read_raw_edf(str(psg_path), preload=True, verbose=False)
/home/shamique/projects/sleep/scripts/preprocess_sleep_edf_expanded.py:76: RuntimeWarning: Channels contain different lowpass filters. Lowest filter setting will be stored.
  raw = mne.io.read_raw_edf(str(psg_path), preload=True, verbose=False)
/home/shamique/projects/sleep/scripts/preprocess_sleep_edf_expanded.py:76: RuntimeWarning: Highpass cutoff frequency 16.0 is greater than lowpass cutoff frequency 0.7, setting values to 0 and Nyquist.
  raw = mne.io.read_raw_edf(str(psg_path), preload=True, verbose=False)
NOTE: pick_channels() is a legacy function. New code should use inst.pick(...).
Used Annotations descriptions: [np.str_('Sleep stage 1'), np.str_('Sleep stage 2'), np.str_('Sleep stage 3'), np.str_('Sleep stage 4'), np.str_('Sleep stage R'), np.str_('Sleep stage W')]
  2044 epochs, 4 channels, N1=81, REM=265 (15.9s)

[21/100] SC4101
Processing SC4101: PSG=SC4101E0-PSG.edf, Hyp=SC4101EC-Hypnogram.edf
/home/shamique/projects/sleep/scripts/preprocess_sleep_edf_expanded.py:76: RuntimeWarning: Number of records from the header does not match the file size (perhaps the recording was not stopped before exiting). Inferring from the file size.
  raw = mne.io.read_raw_edf(str(psg_path), preload=True, verbose=False)
/home/shamique/projects/sleep/scripts/preprocess_sleep_edf_expanded.py:76: RuntimeWarning: Channels contain different highpass filters. Highest filter setting will be stored.
  raw = mne.io.read_raw_edf(str(psg_path), preload=True, verbose=False)
/home/shamique/projects/sleep/scripts/preprocess_sleep_edf_expanded.py:76: RuntimeWarning: Channels contain different lowpass filters. Lowest filter setting will be stored.
  raw = mne.io.read_raw_edf(str(psg_path), preload=True, verbose=False)
/home/shamique/projects/sleep/scripts/preprocess_sleep_edf_expanded.py:76: RuntimeWarning: Highpass cutoff frequency 16.0 is greater than lowpass cutoff frequency 0.7, setting values to 0 and Nyquist.
  raw = mne.io.read_raw_edf(str(psg_path), preload=True, verbose=False)
NOTE: pick_channels() is a legacy function. New code should use inst.pick(...).
Used Annotations descriptions: [np.str_('Sleep stage 1'), np.str_('Sleep stage 2'), np.str_('Sleep stage 3'), np.str_('Sleep stage R'), np.str_('Sleep stage W')]
  1869 epochs, 4 channels, N1=65, REM=207 (4.6s)

[22/100] SC4102
Processing SC4102: PSG=SC4102E0-PSG.edf, Hyp=SC4102EC-Hypnogram.edf
/home/shamique/projects/sleep/scripts/preprocess_sleep_edf_expanded.py:76: RuntimeWarning: Channels contain different highpass filters. Highest filter setting will be stored.
  raw = mne.io.read_raw_edf(str(psg_path), preload=True, verbose=False)
/home/shamique/projects/sleep/scripts/preprocess_sleep_edf_expanded.py:76: RuntimeWarning: Channels contain different lowpass filters. Lowest filter setting will be stored.
  raw = mne.io.read_raw_edf(str(psg_path), preload=True, verbose=False)
/home/shamique/projects/sleep/scripts/preprocess_sleep_edf_expanded.py:76: RuntimeWarning: Highpass cutoff frequency 16.0 is greater than lowpass cutoff frequency 0.7, setting values to 0 and Nyquist.
  raw = mne.io.read_raw_edf(str(psg_path), preload=True, verbose=False)
NOTE: pick_channels() is a legacy function. New code should use inst.pick(...).
Used Annotations descriptions: [np.str_('Sleep stage 1'), np.str_('Sleep stage 2'), np.str_('Sleep stage 3'), np.str_('Sleep stage R'), np.str_('Sleep stage W')]
  2857 epochs, 4 channels, N1=117, REM=199 (16.8s)

[23/100] SC4111
Processing SC4111: PSG=SC4111E0-PSG.edf, Hyp=SC4111EC-Hypnogram.edf
/home/shamique/projects/sleep/scripts/preprocess_sleep_edf_expanded.py:76: RuntimeWarning: Number of records from the header does not match the file size (perhaps the recording was not stopped before exiting). Inferring from the file size.
  raw = mne.io.read_raw_edf(str(psg_path), preload=True, verbose=False)
/home/shamique/projects/sleep/scripts/preprocess_sleep_edf_expanded.py:76: RuntimeWarning: Channels contain different highpass filters. Highest filter setting will be stored.
  raw = mne.io.read_raw_edf(str(psg_path), preload=True, verbose=False)
/home/shamique/projects/sleep/scripts/preprocess_sleep_edf_expanded.py:76: RuntimeWarning: Channels contain different lowpass filters. Lowest filter setting will be stored.
  raw = mne.io.read_raw_edf(str(psg_path), preload=True, verbose=False)
/home/shamique/projects/sleep/scripts/preprocess_sleep_edf_expanded.py:76: RuntimeWarning: Highpass cutoff frequency 16.0 is greater than lowpass cutoff frequency 0.7, setting values to 0 and Nyquist.
  raw = mne.io.read_raw_edf(str(psg_path), preload=True, verbose=False)
NOTE: pick_channels() is a legacy function. New code should use inst.pick(...).
Used Annotations descriptions: [np.str_('Sleep stage W')]
  864 epochs, 4 channels, N1=0, REM=0 (1.5s)

[24/100] SC4112
Processing SC4112: PSG=SC4112E0-PSG.edf, Hyp=SC4112EC-Hypnogram.edf
/home/shamique/projects/sleep/scripts/preprocess_sleep_edf_expanded.py:76: RuntimeWarning: Channels contain different highpass filters. Highest filter setting will be stored.
  raw = mne.io.read_raw_edf(str(psg_path), preload=True, verbose=False)
/home/shamique/projects/sleep/scripts/preprocess_sleep_edf_expanded.py:76: RuntimeWarning: Channels contain different lowpass filters. Lowest filter setting will be stored.
  raw = mne.io.read_raw_edf(str(psg_path), preload=True, verbose=False)
/home/shamique/projects/sleep/scripts/preprocess_sleep_edf_expanded.py:76: RuntimeWarning: Highpass cutoff frequency 16.0 is greater than lowpass cutoff frequency 0.7, setting values to 0 and Nyquist.
  raw = mne.io.read_raw_edf(str(psg_path), preload=True, verbose=False)
NOTE: pick_channels() is a legacy function. New code should use inst.pick(...).
Used Annotations descriptions: [np.str_('Sleep stage 1'), np.str_('Sleep stage 2'), np.str_('Sleep stage 3'), np.str_('Sleep stage 4'), np.str_('Sleep stage R'), np.str_('Sleep stage W')]
  2780 epochs, 4 channels, N1=18, REM=151 (9.4s)

[25/100] SC4121
Processing SC4121: PSG=SC4121E0-PSG.edf, Hyp=SC4121EC-Hypnogram.edf
/home/shamique/projects/sleep/scripts/preprocess_sleep_edf_expanded.py:76: RuntimeWarning: Channels contain different highpass filters. Highest filter setting will be stored.
  raw = mne.io.read_raw_edf(str(psg_path), preload=True, verbose=False)
/home/shamique/projects/sleep/scripts/preprocess_sleep_edf_expanded.py:76: RuntimeWarning: Channels contain different lowpass filters. Lowest filter setting will be stored.
  raw = mne.io.read_raw_edf(str(psg_path), preload=True, verbose=False)
/home/shamique/projects/sleep/scripts/preprocess_sleep_edf_expanded.py:76: RuntimeWarning: Highpass cutoff frequency 16.0 is greater than lowpass cutoff frequency 0.7, setting values to 0 and Nyquist.
  raw = mne.io.read_raw_edf(str(psg_path), preload=True, verbose=False)
NOTE: pick_channels() is a legacy function. New code should use inst.pick(...).
Used Annotations descriptions: [np.str_('Sleep stage 1'), np.str_('Sleep stage 2'), np.str_('Sleep stage 3'), np.str_('Sleep stage 4'), np.str_('Sleep stage R'), np.str_('Sleep stage W')]
  2685 epochs, 4 channels, N1=48, REM=258 (9.3s)

[26/100] SC4122
Processing SC4122: PSG=SC4122E0-PSG.edf, Hyp=SC4122EV-Hypnogram.edf
/home/shamique/projects/sleep/scripts/preprocess_sleep_edf_expanded.py:76: RuntimeWarning: Channels contain different highpass filters. Highest filter setting will be stored.
  raw = mne.io.read_raw_edf(str(psg_path), preload=True, verbose=False)
/home/shamique/projects/sleep/scripts/preprocess_sleep_edf_expanded.py:76: RuntimeWarning: Channels contain different lowpass filters. Lowest filter setting will be stored.
  raw = mne.io.read_raw_edf(str(psg_path), preload=True, verbose=False)
/home/shamique/projects/sleep/scripts/preprocess_sleep_edf_expanded.py:76: RuntimeWarning: Highpass cutoff frequency 16.0 is greater than lowpass cutoff frequency 0.7, setting values to 0 and Nyquist.
  raw = mne.io.read_raw_edf(str(psg_path), preload=True, verbose=False)
NOTE: pick_channels() is a legacy function. New code should use inst.pick(...).
Used Annotations descriptions: [np.str_('Sleep stage 1'), np.str_('Sleep stage 2'), np.str_('Sleep stage 3'), np.str_('Sleep stage 4'), np.str_('Sleep stage R'), np.str_('Sleep stage W')]
  2606 epochs, 4 channels, N1=121, REM=199 (15.4s)

[27/100] SC4131
Processing SC4131: PSG=SC4131E0-PSG.edf, Hyp=SC4131EC-Hypnogram.edf
/home/shamique/projects/sleep/scripts/preprocess_sleep_edf_expanded.py:76: RuntimeWarning: Number of records from the header does not match the file size (perhaps the recording was not stopped before exiting). Inferring from the file size.
  raw = mne.io.read_raw_edf(str(psg_path), preload=True, verbose=False)
/home/shamique/projects/sleep/scripts/preprocess_sleep_edf_expanded.py:76: RuntimeWarning: Channels contain different highpass filters. Highest filter setting will be stored.
  raw = mne.io.read_raw_edf(str(psg_path), preload=True, verbose=False)
/home/shamique/projects/sleep/scripts/preprocess_sleep_edf_expanded.py:76: RuntimeWarning: Channels contain different lowpass filters. Lowest filter setting will be stored.
  raw = mne.io.read_raw_edf(str(psg_path), preload=True, verbose=False)
/home/shamique/projects/sleep/scripts/preprocess_sleep_edf_expanded.py:76: RuntimeWarning: Highpass cutoff frequency 16.0 is greater than lowpass cutoff frequency 0.7, setting values to 0 and Nyquist.
  raw = mne.io.read_raw_edf(str(psg_path), preload=True, verbose=False)
NOTE: pick_channels() is a legacy function. New code should use inst.pick(...).
Used Annotations descriptions: [np.str_('Sleep stage 1'), np.str_('Sleep stage 2'), np.str_('Sleep stage 3'), np.str_('Sleep stage 4'), np.str_('Sleep stage R'), np.str_('Sleep stage W')]
  1925 epochs, 4 channels, N1=57, REM=172 (6.2s)

[28/100] SC4141
Processing SC4141: PSG=SC4141E0-PSG.edf, Hyp=SC4141EU-Hypnogram.edf
/home/shamique/projects/sleep/scripts/preprocess_sleep_edf_expanded.py:76: RuntimeWarning: Channels contain different highpass filters. Highest filter setting will be stored.
  raw = mne.io.read_raw_edf(str(psg_path), preload=True, verbose=False)
/home/shamique/projects/sleep/scripts/preprocess_sleep_edf_expanded.py:76: RuntimeWarning: Channels contain different lowpass filters. Lowest filter setting will be stored.
  raw = mne.io.read_raw_edf(str(psg_path), preload=True, verbose=False)
/home/shamique/projects/sleep/scripts/preprocess_sleep_edf_expanded.py:76: RuntimeWarning: Highpass cutoff frequency 16.0 is greater than lowpass cutoff frequency 0.7, setting values to 0 and Nyquist.
  raw = mne.io.read_raw_edf(str(psg_path), preload=True, verbose=False)
NOTE: pick_channels() is a legacy function. New code should use inst.pick(...).
Used Annotations descriptions: [np.str_('Sleep stage 1'), np.str_('Sleep stage 2'), np.str_('Sleep stage 3'), np.str_('Sleep stage 4'), np.str_('Sleep stage R'), np.str_('Sleep stage W')]
  2756 epochs, 4 channels, N1=29, REM=233 (8.8s)

[29/100] SC4142
Processing SC4142: PSG=SC4142E0-PSG.edf, Hyp=SC4142EU-Hypnogram.edf
/home/shamique/projects/sleep/scripts/preprocess_sleep_edf_expanded.py:76: RuntimeWarning: Number of records from the header does not match the file size (perhaps the recording was not stopped before exiting). Inferring from the file size.
  raw = mne.io.read_raw_edf(str(psg_path), preload=True, verbose=False)
/home/shamique/projects/sleep/scripts/preprocess_sleep_edf_expanded.py:76: RuntimeWarning: Channels contain different highpass filters. Highest filter setting will be stored.
  raw = mne.io.read_raw_edf(str(psg_path), preload=True, verbose=False)
/home/shamique/projects/sleep/scripts/preprocess_sleep_edf_expanded.py:76: RuntimeWarning: Channels contain different lowpass filters. Lowest filter setting will be stored.
  raw = mne.io.read_raw_edf(str(psg_path), preload=True, verbose=False)
/home/shamique/projects/sleep/scripts/preprocess_sleep_edf_expanded.py:76: RuntimeWarning: Highpass cutoff frequency 16.0 is greater than lowpass cutoff frequency 0.7, setting values to 0 and Nyquist.
  raw = mne.io.read_raw_edf(str(psg_path), preload=True, verbose=False)
NOTE: pick_channels() is a legacy function. New code should use inst.pick(...).
Used Annotations descriptions: [np.str_('Sleep stage W')]
  648 epochs, 4 channels, N1=0, REM=0 (1.1s)

[30/100] SC4151
Processing SC4151: PSG=SC4151E0-PSG.edf, Hyp=SC4151EC-Hypnogram.edf
/home/shamique/projects/sleep/scripts/preprocess_sleep_edf_expanded.py:76: RuntimeWarning: Number of records from the header does not match the file size (perhaps the recording was not stopped before exiting). Inferring from the file size.
  raw = mne.io.read_raw_edf(str(psg_path), preload=True, verbose=False)
/home/shamique/projects/sleep/scripts/preprocess_sleep_edf_expanded.py:76: RuntimeWarning: Channels contain different highpass filters. Highest filter setting will be stored.
  raw = mne.io.read_raw_edf(str(psg_path), preload=True, verbose=False)
/home/shamique/projects/sleep/scripts/preprocess_sleep_edf_expanded.py:76: RuntimeWarning: Channels contain different lowpass filters. Lowest filter setting will be stored.
  raw = mne.io.read_raw_edf(str(psg_path), preload=True, verbose=False)
/home/shamique/projects/sleep/scripts/preprocess_sleep_edf_expanded.py:76: RuntimeWarning: Highpass cutoff frequency 16.0 is greater than lowpass cutoff frequency 0.7, setting values to 0 and Nyquist.
  raw = mne.io.read_raw_edf(str(psg_path), preload=True, verbose=False)
NOTE: pick_channels() is a legacy function. New code should use inst.pick(...).
Used Annotations descriptions: [np.str_('Sleep stage 1'), np.str_('Sleep stage 2'), np.str_('Sleep stage 3'), np.str_('Sleep stage 4'), np.str_('Sleep stage R'), np.str_('Sleep stage W')]
  1944 epochs, 4 channels, N1=41, REM=208 (5.4s)

[31/100] SC4152
Processing SC4152: PSG=SC4152E0-PSG.edf, Hyp=SC4152EC-Hypnogram.edf
/home/shamique/projects/sleep/scripts/preprocess_sleep_edf_expanded.py:76: RuntimeWarning: Channels contain different highpass filters. Highest filter setting will be stored.
  raw = mne.io.read_raw_edf(str(psg_path), preload=True, verbose=False)
/home/shamique/projects/sleep/scripts/preprocess_sleep_edf_expanded.py:76: RuntimeWarning: Channels contain different lowpass filters. Lowest filter setting will be stored.
  raw = mne.io.read_raw_edf(str(psg_path), preload=True, verbose=False)
/home/shamique/projects/sleep/scripts/preprocess_sleep_edf_expanded.py:76: RuntimeWarning: Highpass cutoff frequency 16.0 is greater than lowpass cutoff frequency 0.7, setting values to 0 and Nyquist.
  raw = mne.io.read_raw_edf(str(psg_path), preload=True, verbose=False)
NOTE: pick_channels() is a legacy function. New code should use inst.pick(...).
Used Annotations descriptions: [np.str_('Sleep stage 1'), np.str_('Sleep stage 2'), np.str_('Sleep stage 3'), np.str_('Sleep stage 4'), np.str_('Sleep stage R'), np.str_('Sleep stage W')]
  2859 epochs, 4 channels, N1=47, REM=292 (8.6s)

[32/100] SC4161
Processing SC4161: PSG=SC4161E0-PSG.edf, Hyp=SC4161EC-Hypnogram.edf
/home/shamique/projects/sleep/scripts/preprocess_sleep_edf_expanded.py:76: RuntimeWarning: Channels contain different highpass filters. Highest filter setting will be stored.
  raw = mne.io.read_raw_edf(str(psg_path), preload=True, verbose=False)
/home/shamique/projects/sleep/scripts/preprocess_sleep_edf_expanded.py:76: RuntimeWarning: Channels contain different lowpass filters. Lowest filter setting will be stored.
  raw = mne.io.read_raw_edf(str(psg_path), preload=True, verbose=False)
/home/shamique/projects/sleep/scripts/preprocess_sleep_edf_expanded.py:76: RuntimeWarning: Highpass cutoff frequency 16.0 is greater than lowpass cutoff frequency 0.7, setting values to 0 and Nyquist.
  raw = mne.io.read_raw_edf(str(psg_path), preload=True, verbose=False)
NOTE: pick_channels() is a legacy function. New code should use inst.pick(...).
Used Annotations descriptions: [np.str_('Sleep stage 1'), np.str_('Sleep stage 2'), np.str_('Sleep stage 3'), np.str_('Sleep stage 4'), np.str_('Sleep stage R'), np.str_('Sleep stage W')]
  2621 epochs, 4 channels, N1=55, REM=260 (9.3s)

[33/100] SC4162
Processing SC4162: PSG=SC4162E0-PSG.edf, Hyp=SC4162EC-Hypnogram.edf
/home/shamique/projects/sleep/scripts/preprocess_sleep_edf_expanded.py:76: RuntimeWarning: Number of records from the header does not match the file size (perhaps the recording was not stopped before exiting). Inferring from the file size.
  raw = mne.io.read_raw_edf(str(psg_path), preload=True, verbose=False)
/home/shamique/projects/sleep/scripts/preprocess_sleep_edf_expanded.py:76: RuntimeWarning: Channels contain different highpass filters. Highest filter setting will be stored.
  raw = mne.io.read_raw_edf(str(psg_path), preload=True, verbose=False)
/home/shamique/projects/sleep/scripts/preprocess_sleep_edf_expanded.py:76: RuntimeWarning: Channels contain different lowpass filters. Lowest filter setting will be stored.
  raw = mne.io.read_raw_edf(str(psg_path), preload=True, verbose=False)
/home/shamique/projects/sleep/scripts/preprocess_sleep_edf_expanded.py:76: RuntimeWarning: Highpass cutoff frequency 16.0 is greater than lowpass cutoff frequency 0.7, setting values to 0 and Nyquist.
  raw = mne.io.read_raw_edf(str(psg_path), preload=True, verbose=False)
NOTE: pick_channels() is a legacy function. New code should use inst.pick(...).
Used Annotations descriptions: [np.str_('Sleep stage W')]
  517 epochs, 4 channels, N1=0, REM=0 (0.9s)

[34/100] SC4171
Processing SC4171: PSG=SC4171E0-PSG.edf, Hyp=SC4171EU-Hypnogram.edf
/home/shamique/projects/sleep/scripts/preprocess_sleep_edf_expanded.py:76: RuntimeWarning: Channels contain different highpass filters. Highest filter setting will be stored.
  raw = mne.io.read_raw_edf(str(psg_path), preload=True, verbose=False)
/home/shamique/projects/sleep/scripts/preprocess_sleep_edf_expanded.py:76: RuntimeWarning: Channels contain different lowpass filters. Lowest filter setting will be stored.
  raw = mne.io.read_raw_edf(str(psg_path), preload=True, verbose=False)
/home/shamique/projects/sleep/scripts/preprocess_sleep_edf_expanded.py:76: RuntimeWarning: Highpass cutoff frequency 16.0 is greater than lowpass cutoff frequency 0.7, setting values to 0 and Nyquist.
  raw = mne.io.read_raw_edf(str(psg_path), preload=True, verbose=False)
NOTE: pick_channels() is a legacy function. New code should use inst.pick(...).
Used Annotations descriptions: [np.str_('Sleep stage 1'), np.str_('Sleep stage 2'), np.str_('Sleep stage 3'), np.str_('Sleep stage 4'), np.str_('Sleep stage R'), np.str_('Sleep stage W')]
  2741 epochs, 4 channels, N1=21, REM=262 (11.8s)

[35/100] SC4172
Processing SC4172: PSG=SC4172E0-PSG.edf, Hyp=SC4172EC-Hypnogram.edf
/home/shamique/projects/sleep/scripts/preprocess_sleep_edf_expanded.py:76: RuntimeWarning: Number of records from the header does not match the file size (perhaps the recording was not stopped before exiting). Inferring from the file size.
  raw = mne.io.read_raw_edf(str(psg_path), preload=True, verbose=False)
/home/shamique/projects/sleep/scripts/preprocess_sleep_edf_expanded.py:76: RuntimeWarning: Channels contain different highpass filters. Highest filter setting will be stored.
  raw = mne.io.read_raw_edf(str(psg_path), preload=True, verbose=False)
/home/shamique/projects/sleep/scripts/preprocess_sleep_edf_expanded.py:76: RuntimeWarning: Channels contain different lowpass filters. Lowest filter setting will be stored.
  raw = mne.io.read_raw_edf(str(psg_path), preload=True, verbose=False)
/home/shamique/projects/sleep/scripts/preprocess_sleep_edf_expanded.py:76: RuntimeWarning: Highpass cutoff frequency 16.0 is greater than lowpass cutoff frequency 0.7, setting values to 0 and Nyquist.
  raw = mne.io.read_raw_edf(str(psg_path), preload=True, verbose=False)
NOTE: pick_channels() is a legacy function. New code should use inst.pick(...).
Used Annotations descriptions: [np.str_('Sleep stage W')]
  41 epochs, 4 channels, N1=0, REM=0 (0.1s)

[36/100] SC4181
Processing SC4181: PSG=SC4181E0-PSG.edf, Hyp=SC4181EC-Hypnogram.edf
/home/shamique/projects/sleep/scripts/preprocess_sleep_edf_expanded.py:76: RuntimeWarning: Number of records from the header does not match the file size (perhaps the recording was not stopped before exiting). Inferring from the file size.
  raw = mne.io.read_raw_edf(str(psg_path), preload=True, verbose=False)
/home/shamique/projects/sleep/scripts/preprocess_sleep_edf_expanded.py:76: RuntimeWarning: Channels contain different highpass filters. Highest filter setting will be stored.
  raw = mne.io.read_raw_edf(str(psg_path), preload=True, verbose=False)
/home/shamique/projects/sleep/scripts/preprocess_sleep_edf_expanded.py:76: RuntimeWarning: Channels contain different lowpass filters. Lowest filter setting will be stored.
  raw = mne.io.read_raw_edf(str(psg_path), preload=True, verbose=False)
/home/shamique/projects/sleep/scripts/preprocess_sleep_edf_expanded.py:76: RuntimeWarning: Highpass cutoff frequency 16.0 is greater than lowpass cutoff frequency 0.7, setting values to 0 and Nyquist.
  raw = mne.io.read_raw_edf(str(psg_path), preload=True, verbose=False)
NOTE: pick_channels() is a legacy function. New code should use inst.pick(...).
Used Annotations descriptions: [np.str_('Sleep stage 1'), np.str_('Sleep stage 2'), np.str_('Sleep stage 3'), np.str_('Sleep stage 4'), np.str_('Sleep stage R'), np.str_('Sleep stage W')]
  1537 epochs, 4 channels, N1=27, REM=40 (3.5s)

[37/100] SC4182
Processing SC4182: PSG=SC4182E0-PSG.edf, Hyp=SC4182EC-Hypnogram.edf
/home/shamique/projects/sleep/scripts/preprocess_sleep_edf_expanded.py:76: RuntimeWarning: Channels contain different highpass filters. Highest filter setting will be stored.
  raw = mne.io.read_raw_edf(str(psg_path), preload=True, verbose=False)
/home/shamique/projects/sleep/scripts/preprocess_sleep_edf_expanded.py:76: RuntimeWarning: Channels contain different lowpass filters. Lowest filter setting will be stored.
  raw = mne.io.read_raw_edf(str(psg_path), preload=True, verbose=False)
/home/shamique/projects/sleep/scripts/preprocess_sleep_edf_expanded.py:76: RuntimeWarning: Highpass cutoff frequency 16.0 is greater than lowpass cutoff frequency 0.7, setting values to 0 and Nyquist.
  raw = mne.io.read_raw_edf(str(psg_path), preload=True, verbose=False)
NOTE: pick_channels() is a legacy function. New code should use inst.pick(...).
Used Annotations descriptions: [np.str_('Sleep stage 1'), np.str_('Sleep stage 2'), np.str_('Sleep stage 3'), np.str_('Sleep stage 4'), np.str_('Sleep stage R'), np.str_('Sleep stage W')]
  2842 epochs, 4 channels, N1=151, REM=116 (7.6s)

[38/100] SC4191
Processing SC4191: PSG=SC4191E0-PSG.edf, Hyp=SC4191EP-Hypnogram.edf
/home/shamique/projects/sleep/scripts/preprocess_sleep_edf_expanded.py:76: RuntimeWarning: Channels contain different highpass filters. Highest filter setting will be stored.
  raw = mne.io.read_raw_edf(str(psg_path), preload=True, verbose=False)
/home/shamique/projects/sleep/scripts/preprocess_sleep_edf_expanded.py:76: RuntimeWarning: Channels contain different lowpass filters. Lowest filter setting will be stored.
  raw = mne.io.read_raw_edf(str(psg_path), preload=True, verbose=False)
/home/shamique/projects/sleep/scripts/preprocess_sleep_edf_expanded.py:76: RuntimeWarning: Highpass cutoff frequency 16.0 is greater than lowpass cutoff frequency 0.7, setting values to 0 and Nyquist.
  raw = mne.io.read_raw_edf(str(psg_path), preload=True, verbose=False)
NOTE: pick_channels() is a legacy function. New code should use inst.pick(...).
Used Annotations descriptions: [np.str_('Sleep stage 1'), np.str_('Sleep stage 2'), np.str_('Sleep stage 3'), np.str_('Sleep stage 4'), np.str_('Sleep stage R'), np.str_('Sleep stage W')]
  2774 epochs, 4 channels, N1=118, REM=286 (9.6s)

[39/100] SC4192
Processing SC4192: PSG=SC4192E0-PSG.edf, Hyp=SC4192EV-Hypnogram.edf
/home/shamique/projects/sleep/scripts/preprocess_sleep_edf_expanded.py:76: RuntimeWarning: Number of records from the header does not match the file size (perhaps the recording was not stopped before exiting). Inferring from the file size.
  raw = mne.io.read_raw_edf(str(psg_path), preload=True, verbose=False)
/home/shamique/projects/sleep/scripts/preprocess_sleep_edf_expanded.py:76: RuntimeWarning: Channels contain different highpass filters. Highest filter setting will be stored.
  raw = mne.io.read_raw_edf(str(psg_path), preload=True, verbose=False)
/home/shamique/projects/sleep/scripts/preprocess_sleep_edf_expanded.py:76: RuntimeWarning: Channels contain different lowpass filters. Lowest filter setting will be stored.
  raw = mne.io.read_raw_edf(str(psg_path), preload=True, verbose=False)
/home/shamique/projects/sleep/scripts/preprocess_sleep_edf_expanded.py:76: RuntimeWarning: Highpass cutoff frequency 16.0 is greater than lowpass cutoff frequency 0.7, setting values to 0 and Nyquist.
  raw = mne.io.read_raw_edf(str(psg_path), preload=True, verbose=False)
NOTE: pick_channels() is a legacy function. New code should use inst.pick(...).
Used Annotations descriptions: [np.str_('Sleep stage W')]
  107 epochs, 4 channels, N1=0, REM=0 (0.2s)

[40/100] SC4201
Processing SC4201: PSG=SC4201E0-PSG.edf, Hyp=SC4201EC-Hypnogram.edf
/home/shamique/projects/sleep/scripts/preprocess_sleep_edf_expanded.py:76: RuntimeWarning: Channels contain different highpass filters. Highest filter setting will be stored.
  raw = mne.io.read_raw_edf(str(psg_path), preload=True, verbose=False)
/home/shamique/projects/sleep/scripts/preprocess_sleep_edf_expanded.py:76: RuntimeWarning: Channels contain different lowpass filters. Lowest filter setting will be stored.
  raw = mne.io.read_raw_edf(str(psg_path), preload=True, verbose=False)
/home/shamique/projects/sleep/scripts/preprocess_sleep_edf_expanded.py:76: RuntimeWarning: Highpass cutoff frequency 16.0 is greater than lowpass cutoff frequency 0.7, setting values to 0 and Nyquist.
  raw = mne.io.read_raw_edf(str(psg_path), preload=True, verbose=False)
NOTE: pick_channels() is a legacy function. New code should use inst.pick(...).
Used Annotations descriptions: [np.str_('Sleep stage 1'), np.str_('Sleep stage 2'), np.str_('Sleep stage 3'), np.str_('Sleep stage R'), np.str_('Sleep stage W')]
  2803 epochs, 4 channels, N1=39, REM=177 (10.4s)

[41/100] SC4202
Processing SC4202: PSG=SC4202E0-PSG.edf, Hyp=SC4202EC-Hypnogram.edf
/home/shamique/projects/sleep/scripts/preprocess_sleep_edf_expanded.py:76: RuntimeWarning: Channels contain different highpass filters. Highest filter setting will be stored.
  raw = mne.io.read_raw_edf(str(psg_path), preload=True, verbose=False)
/home/shamique/projects/sleep/scripts/preprocess_sleep_edf_expanded.py:76: RuntimeWarning: Channels contain different lowpass filters. Lowest filter setting will be stored.
  raw = mne.io.read_raw_edf(str(psg_path), preload=True, verbose=False)
/home/shamique/projects/sleep/scripts/preprocess_sleep_edf_expanded.py:76: RuntimeWarning: Highpass cutoff frequency 16.0 is greater than lowpass cutoff frequency 0.7, setting values to 0 and Nyquist.
  raw = mne.io.read_raw_edf(str(psg_path), preload=True, verbose=False)
NOTE: pick_channels() is a legacy function. New code should use inst.pick(...).
Used Annotations descriptions: [np.str_('Sleep stage 1'), np.str_('Sleep stage 2'), np.str_('Sleep stage R'), np.str_('Sleep stage W')]
  2670 epochs, 4 channels, N1=120, REM=207 (6.2s)

[42/100] SC4211
Processing SC4211: PSG=SC4211E0-PSG.edf, Hyp=SC4211EC-Hypnogram.edf
/home/shamique/projects/sleep/scripts/preprocess_sleep_edf_expanded.py:76: RuntimeWarning: Channels contain different highpass filters. Highest filter setting will be stored.
  raw = mne.io.read_raw_edf(str(psg_path), preload=True, verbose=False)
/home/shamique/projects/sleep/scripts/preprocess_sleep_edf_expanded.py:76: RuntimeWarning: Channels contain different lowpass filters. Lowest filter setting will be stored.
  raw = mne.io.read_raw_edf(str(psg_path), preload=True, verbose=False)
/home/shamique/projects/sleep/scripts/preprocess_sleep_edf_expanded.py:76: RuntimeWarning: Highpass cutoff frequency 16.0 is greater than lowpass cutoff frequency 0.7, setting values to 0 and Nyquist.
  raw = mne.io.read_raw_edf(str(psg_path), preload=True, verbose=False)
NOTE: pick_channels() is a legacy function. New code should use inst.pick(...).
Used Annotations descriptions: [np.str_('Sleep stage 1'), np.str_('Sleep stage 2'), np.str_('Sleep stage 3'), np.str_('Sleep stage R'), np.str_('Sleep stage W')]
  2805 epochs, 4 channels, N1=106, REM=151 (9.1s)

[43/100] SC4212
Processing SC4212: PSG=SC4212E0-PSG.edf, Hyp=SC4212EC-Hypnogram.edf
/home/shamique/projects/sleep/scripts/preprocess_sleep_edf_expanded.py:76: RuntimeWarning: Channels contain different highpass filters. Highest filter setting will be stored.
  raw = mne.io.read_raw_edf(str(psg_path), preload=True, verbose=False)
/home/shamique/projects/sleep/scripts/preprocess_sleep_edf_expanded.py:76: RuntimeWarning: Channels contain different lowpass filters. Lowest filter setting will be stored.
  raw = mne.io.read_raw_edf(str(psg_path), preload=True, verbose=False)
/home/shamique/projects/sleep/scripts/preprocess_sleep_edf_expanded.py:76: RuntimeWarning: Highpass cutoff frequency 16.0 is greater than lowpass cutoff frequency 0.7, setting values to 0 and Nyquist.
  raw = mne.io.read_raw_edf(str(psg_path), preload=True, verbose=False)
NOTE: pick_channels() is a legacy function. New code should use inst.pick(...).
Used Annotations descriptions: [np.str_('Sleep stage 1'), np.str_('Sleep stage 2'), np.str_('Sleep stage 3'), np.str_('Sleep stage R'), np.str_('Sleep stage W')]
  2694 epochs, 4 channels, N1=87, REM=87 (9.0s)

[44/100] SC4221
Processing SC4221: PSG=SC4221E0-PSG.edf, Hyp=SC4221EJ-Hypnogram.edf
/home/shamique/projects/sleep/scripts/preprocess_sleep_edf_expanded.py:76: RuntimeWarning: Number of records from the header does not match the file size (perhaps the recording was not stopped before exiting). Inferring from the file size.
  raw = mne.io.read_raw_edf(str(psg_path), preload=True, verbose=False)
/home/shamique/projects/sleep/scripts/preprocess_sleep_edf_expanded.py:76: RuntimeWarning: Channels contain different highpass filters. Highest filter setting will be stored.
  raw = mne.io.read_raw_edf(str(psg_path), preload=True, verbose=False)
/home/shamique/projects/sleep/scripts/preprocess_sleep_edf_expanded.py:76: RuntimeWarning: Channels contain different lowpass filters. Lowest filter setting will be stored.
  raw = mne.io.read_raw_edf(str(psg_path), preload=True, verbose=False)
/home/shamique/projects/sleep/scripts/preprocess_sleep_edf_expanded.py:76: RuntimeWarning: Highpass cutoff frequency 16.0 is greater than lowpass cutoff frequency 0.7, setting values to 0 and Nyquist.
  raw = mne.io.read_raw_edf(str(psg_path), preload=True, verbose=False)
NOTE: pick_channels() is a legacy function. New code should use inst.pick(...).
Used Annotations descriptions: [np.str_('Sleep stage 1'), np.str_('Sleep stage 2'), np.str_('Sleep stage 3'), np.str_('Sleep stage 4'), np.str_('Sleep stage W')]
  923 epochs, 4 channels, N1=24, REM=0 (1.8s)

[45/100] SC4222
Processing SC4222: PSG=SC4222E0-PSG.edf, Hyp=SC4222EC-Hypnogram.edf
/home/shamique/projects/sleep/scripts/preprocess_sleep_edf_expanded.py:76: RuntimeWarning: Channels contain different highpass filters. Highest filter setting will be stored.
  raw = mne.io.read_raw_edf(str(psg_path), preload=True, verbose=False)
/home/shamique/projects/sleep/scripts/preprocess_sleep_edf_expanded.py:76: RuntimeWarning: Channels contain different lowpass filters. Lowest filter setting will be stored.
  raw = mne.io.read_raw_edf(str(psg_path), preload=True, verbose=False)
/home/shamique/projects/sleep/scripts/preprocess_sleep_edf_expanded.py:76: RuntimeWarning: Highpass cutoff frequency 16.0 is greater than lowpass cutoff frequency 0.7, setting values to 0 and Nyquist.
  raw = mne.io.read_raw_edf(str(psg_path), preload=True, verbose=False)
NOTE: pick_channels() is a legacy function. New code should use inst.pick(...).
Used Annotations descriptions: [np.str_('Sleep stage 1'), np.str_('Sleep stage 2'), np.str_('Sleep stage 3'), np.str_('Sleep stage 4'), np.str_('Sleep stage R'), np.str_('Sleep stage W')]
  2760 epochs, 4 channels, N1=90, REM=220 (9.1s)

[46/100] SC4231
Processing SC4231: PSG=SC4231E0-PSG.edf, Hyp=SC4231EJ-Hypnogram.edf
/home/shamique/projects/sleep/scripts/preprocess_sleep_edf_expanded.py:76: RuntimeWarning: Channels contain different highpass filters. Highest filter setting will be stored.
  raw = mne.io.read_raw_edf(str(psg_path), preload=True, verbose=False)
/home/shamique/projects/sleep/scripts/preprocess_sleep_edf_expanded.py:76: RuntimeWarning: Channels contain different lowpass filters. Lowest filter setting will be stored.
  raw = mne.io.read_raw_edf(str(psg_path), preload=True, verbose=False)
/home/shamique/projects/sleep/scripts/preprocess_sleep_edf_expanded.py:76: RuntimeWarning: Highpass cutoff frequency 16.0 is greater than lowpass cutoff frequency 0.7, setting values to 0 and Nyquist.
  raw = mne.io.read_raw_edf(str(psg_path), preload=True, verbose=False)
NOTE: pick_channels() is a legacy function. New code should use inst.pick(...).
Used Annotations descriptions: [np.str_('Sleep stage 1'), np.str_('Sleep stage 2'), np.str_('Sleep stage 3'), np.str_('Sleep stage R'), np.str_('Sleep stage W')]
  2743 epochs, 4 channels, N1=139, REM=212 (15.5s)

[47/100] SC4232
Processing SC4232: PSG=SC4232E0-PSG.edf, Hyp=SC4232EV-Hypnogram.edf
/home/shamique/projects/sleep/scripts/preprocess_sleep_edf_expanded.py:76: RuntimeWarning: Number of records from the header does not match the file size (perhaps the recording was not stopped before exiting). Inferring from the file size.
  raw = mne.io.read_raw_edf(str(psg_path), preload=True, verbose=False)
/home/shamique/projects/sleep/scripts/preprocess_sleep_edf_expanded.py:76: RuntimeWarning: Channels contain different highpass filters. Highest filter setting will be stored.
  raw = mne.io.read_raw_edf(str(psg_path), preload=True, verbose=False)
/home/shamique/projects/sleep/scripts/preprocess_sleep_edf_expanded.py:76: RuntimeWarning: Channels contain different lowpass filters. Lowest filter setting will be stored.
  raw = mne.io.read_raw_edf(str(psg_path), preload=True, verbose=False)
/home/shamique/projects/sleep/scripts/preprocess_sleep_edf_expanded.py:76: RuntimeWarning: Highpass cutoff frequency 16.0 is greater than lowpass cutoff frequency 0.7, setting values to 0 and Nyquist.
  raw = mne.io.read_raw_edf(str(psg_path), preload=True, verbose=False)
NOTE: pick_channels() is a legacy function. New code should use inst.pick(...).
Used Annotations descriptions: [np.str_('Sleep stage W')]
  331 epochs, 4 channels, N1=0, REM=0 (0.7s)

[48/100] SC4241
Processing SC4241: PSG=SC4241E0-PSG.edf, Hyp=SC4241EC-Hypnogram.edf
/home/shamique/projects/sleep/scripts/preprocess_sleep_edf_expanded.py:76: RuntimeWarning: Channels contain different highpass filters. Highest filter setting will be stored.
  raw = mne.io.read_raw_edf(str(psg_path), preload=True, verbose=False)
/home/shamique/projects/sleep/scripts/preprocess_sleep_edf_expanded.py:76: RuntimeWarning: Channels contain different lowpass filters. Lowest filter setting will be stored.
  raw = mne.io.read_raw_edf(str(psg_path), preload=True, verbose=False)
/home/shamique/projects/sleep/scripts/preprocess_sleep_edf_expanded.py:76: RuntimeWarning: Highpass cutoff frequency 16.0 is greater than lowpass cutoff frequency 0.7, setting values to 0 and Nyquist.
  raw = mne.io.read_raw_edf(str(psg_path), preload=True, verbose=False)
NOTE: pick_channels() is a legacy function. New code should use inst.pick(...).
Used Annotations descriptions: [np.str_('Sleep stage 1'), np.str_('Sleep stage 2'), np.str_('Sleep stage 3'), np.str_('Sleep stage R'), np.str_('Sleep stage W')]
  2700 epochs, 4 channels, N1=85, REM=184 (8.8s)

[49/100] SC4242
Processing SC4242: PSG=SC4242E0-PSG.edf, Hyp=SC4242EA-Hypnogram.edf
/home/shamique/projects/sleep/scripts/preprocess_sleep_edf_expanded.py:76: RuntimeWarning: Channels contain different highpass filters. Highest filter setting will be stored.
  raw = mne.io.read_raw_edf(str(psg_path), preload=True, verbose=False)
/home/shamique/projects/sleep/scripts/preprocess_sleep_edf_expanded.py:76: RuntimeWarning: Channels contain different lowpass filters. Lowest filter setting will be stored.
  raw = mne.io.read_raw_edf(str(psg_path), preload=True, verbose=False)
/home/shamique/projects/sleep/scripts/preprocess_sleep_edf_expanded.py:76: RuntimeWarning: Highpass cutoff frequency 16.0 is greater than lowpass cutoff frequency 0.7, setting values to 0 and Nyquist.
  raw = mne.io.read_raw_edf(str(psg_path), preload=True, verbose=False)
NOTE: pick_channels() is a legacy function. New code should use inst.pick(...).
Used Annotations descriptions: [np.str_('Sleep stage 1'), np.str_('Sleep stage 2'), np.str_('Sleep stage 3'), np.str_('Sleep stage R'), np.str_('Sleep stage W')]
  2710 epochs, 4 channels, N1=94, REM=176 (9.9s)

[50/100] SC4251
Processing SC4251: PSG=SC4251E0-PSG.edf, Hyp=SC4251EP-Hypnogram.edf
/home/shamique/projects/sleep/scripts/preprocess_sleep_edf_expanded.py:76: RuntimeWarning: Channels contain different highpass filters. Highest filter setting will be stored.
  raw = mne.io.read_raw_edf(str(psg_path), preload=True, verbose=False)
/home/shamique/projects/sleep/scripts/preprocess_sleep_edf_expanded.py:76: RuntimeWarning: Channels contain different lowpass filters. Lowest filter setting will be stored.
  raw = mne.io.read_raw_edf(str(psg_path), preload=True, verbose=False)
/home/shamique/projects/sleep/scripts/preprocess_sleep_edf_expanded.py:76: RuntimeWarning: Highpass cutoff frequency 16.0 is greater than lowpass cutoff frequency 0.7, setting values to 0 and Nyquist.
  raw = mne.io.read_raw_edf(str(psg_path), preload=True, verbose=False)
NOTE: pick_channels() is a legacy function. New code should use inst.pick(...).
Used Annotations descriptions: [np.str_('Sleep stage 1'), np.str_('Sleep stage 2'), np.str_('Sleep stage 3'), np.str_('Sleep stage R'), np.str_('Sleep stage W')]
  2760 epochs, 4 channels, N1=102, REM=146 (6.9s)

[51/100] SC4252
Processing SC4252: PSG=SC4252E0-PSG.edf, Hyp=SC4252EU-Hypnogram.edf
/home/shamique/projects/sleep/scripts/preprocess_sleep_edf_expanded.py:76: RuntimeWarning: Channels contain different highpass filters. Highest filter setting will be stored.
  raw = mne.io.read_raw_edf(str(psg_path), preload=True, verbose=False)
/home/shamique/projects/sleep/scripts/preprocess_sleep_edf_expanded.py:76: RuntimeWarning: Channels contain different lowpass filters. Lowest filter setting will be stored.
  raw = mne.io.read_raw_edf(str(psg_path), preload=True, verbose=False)
/home/shamique/projects/sleep/scripts/preprocess_sleep_edf_expanded.py:76: RuntimeWarning: Highpass cutoff frequency 16.0 is greater than lowpass cutoff frequency 0.7, setting values to 0 and Nyquist.
  raw = mne.io.read_raw_edf(str(psg_path), preload=True, verbose=False)
NOTE: pick_channels() is a legacy function. New code should use inst.pick(...).
Used Annotations descriptions: [np.str_('Sleep stage 1'), np.str_('Sleep stage 2'), np.str_('Sleep stage 3'), np.str_('Sleep stage 4'), np.str_('Sleep stage R'), np.str_('Sleep stage W')]
  2665 epochs, 4 channels, N1=113, REM=174 (8.4s)

[52/100] SC4301
Processing SC4301: PSG=SC4301E0-PSG.edf, Hyp=SC4301EC-Hypnogram.edf
/home/shamique/projects/sleep/scripts/preprocess_sleep_edf_expanded.py:76: RuntimeWarning: Number of records from the header does not match the file size (perhaps the recording was not stopped before exiting). Inferring from the file size.
  raw = mne.io.read_raw_edf(str(psg_path), preload=True, verbose=False)
/home/shamique/projects/sleep/scripts/preprocess_sleep_edf_expanded.py:76: RuntimeWarning: Channels contain different highpass filters. Highest filter setting will be stored.
  raw = mne.io.read_raw_edf(str(psg_path), preload=True, verbose=False)
/home/shamique/projects/sleep/scripts/preprocess_sleep_edf_expanded.py:76: RuntimeWarning: Channels contain different lowpass filters. Lowest filter setting will be stored.
  raw = mne.io.read_raw_edf(str(psg_path), preload=True, verbose=False)
/home/shamique/projects/sleep/scripts/preprocess_sleep_edf_expanded.py:76: RuntimeWarning: Highpass cutoff frequency 16.0 is greater than lowpass cutoff frequency 0.7, setting values to 0 and Nyquist.
  raw = mne.io.read_raw_edf(str(psg_path), preload=True, verbose=False)
NOTE: pick_channels() is a legacy function. New code should use inst.pick(...).
Used Annotations descriptions: [np.str_('Sleep stage W')]
  717 epochs, 4 channels, N1=0, REM=0 (1.4s)

[53/100] SC4302
Processing SC4302: PSG=SC4302E0-PSG.edf, Hyp=SC4302EV-Hypnogram.edf
/home/shamique/projects/sleep/scripts/preprocess_sleep_edf_expanded.py:76: RuntimeWarning: Channels contain different highpass filters. Highest filter setting will be stored.
  raw = mne.io.read_raw_edf(str(psg_path), preload=True, verbose=False)
/home/shamique/projects/sleep/scripts/preprocess_sleep_edf_expanded.py:76: RuntimeWarning: Channels contain different lowpass filters. Lowest filter setting will be stored.
  raw = mne.io.read_raw_edf(str(psg_path), preload=True, verbose=False)
/home/shamique/projects/sleep/scripts/preprocess_sleep_edf_expanded.py:76: RuntimeWarning: Highpass cutoff frequency 16.0 is greater than lowpass cutoff frequency 0.7, setting values to 0 and Nyquist.
  raw = mne.io.read_raw_edf(str(psg_path), preload=True, verbose=False)
NOTE: pick_channels() is a legacy function. New code should use inst.pick(...).
Used Annotations descriptions: [np.str_('Sleep stage 1'), np.str_('Sleep stage 2'), np.str_('Sleep stage 3'), np.str_('Sleep stage R'), np.str_('Sleep stage W')]
  2808 epochs, 4 channels, N1=96, REM=135 (7.6s)

[54/100] SC4311
Processing SC4311: PSG=SC4311E0-PSG.edf, Hyp=SC4311EC-Hypnogram.edf
/home/shamique/projects/sleep/scripts/preprocess_sleep_edf_expanded.py:76: RuntimeWarning: Channels contain different highpass filters. Highest filter setting will be stored.
  raw = mne.io.read_raw_edf(str(psg_path), preload=True, verbose=False)
/home/shamique/projects/sleep/scripts/preprocess_sleep_edf_expanded.py:76: RuntimeWarning: Channels contain different lowpass filters. Lowest filter setting will be stored.
  raw = mne.io.read_raw_edf(str(psg_path), preload=True, verbose=False)
/home/shamique/projects/sleep/scripts/preprocess_sleep_edf_expanded.py:76: RuntimeWarning: Highpass cutoff frequency 16.0 is greater than lowpass cutoff frequency 0.7, setting values to 0 and Nyquist.
  raw = mne.io.read_raw_edf(str(psg_path), preload=True, verbose=False)
NOTE: pick_channels() is a legacy function. New code should use inst.pick(...).
Used Annotations descriptions: [np.str_('Sleep stage 1'), np.str_('Sleep stage 2'), np.str_('Sleep stage 3'), np.str_('Sleep stage 4'), np.str_('Sleep stage R'), np.str_('Sleep stage W')]
  2670 epochs, 4 channels, N1=79, REM=142 (8.4s)

[55/100] SC4312
Processing SC4312: PSG=SC4312E0-PSG.edf, Hyp=SC4312EM-Hypnogram.edf
/home/shamique/projects/sleep/scripts/preprocess_sleep_edf_expanded.py:76: RuntimeWarning: Number of records from the header does not match the file size (perhaps the recording was not stopped before exiting). Inferring from the file size.
  raw = mne.io.read_raw_edf(str(psg_path), preload=True, verbose=False)
/home/shamique/projects/sleep/scripts/preprocess_sleep_edf_expanded.py:76: RuntimeWarning: Channels contain different highpass filters. Highest filter setting will be stored.
  raw = mne.io.read_raw_edf(str(psg_path), preload=True, verbose=False)
/home/shamique/projects/sleep/scripts/preprocess_sleep_edf_expanded.py:76: RuntimeWarning: Channels contain different lowpass filters. Lowest filter setting will be stored.
  raw = mne.io.read_raw_edf(str(psg_path), preload=True, verbose=False)
/home/shamique/projects/sleep/scripts/preprocess_sleep_edf_expanded.py:76: RuntimeWarning: Highpass cutoff frequency 16.0 is greater than lowpass cutoff frequency 0.7, setting values to 0 and Nyquist.
  raw = mne.io.read_raw_edf(str(psg_path), preload=True, verbose=False)
NOTE: pick_channels() is a legacy function. New code should use inst.pick(...).
Used Annotations descriptions: [np.str_('Sleep stage 1'), np.str_('Sleep stage 2'), np.str_('Sleep stage 3'), np.str_('Sleep stage 4'), np.str_('Sleep stage R'), np.str_('Sleep stage W')]
  2510 epochs, 4 channels, N1=152, REM=191 (7.6s)

[56/100] SC4321
Processing SC4321: PSG=SC4321E0-PSG.edf, Hyp=SC4321EC-Hypnogram.edf
/home/shamique/projects/sleep/scripts/preprocess_sleep_edf_expanded.py:76: RuntimeWarning: Channels contain different highpass filters. Highest filter setting will be stored.
  raw = mne.io.read_raw_edf(str(psg_path), preload=True, verbose=False)
/home/shamique/projects/sleep/scripts/preprocess_sleep_edf_expanded.py:76: RuntimeWarning: Channels contain different lowpass filters. Lowest filter setting will be stored.
  raw = mne.io.read_raw_edf(str(psg_path), preload=True, verbose=False)
/home/shamique/projects/sleep/scripts/preprocess_sleep_edf_expanded.py:76: RuntimeWarning: Highpass cutoff frequency 16.0 is greater than lowpass cutoff frequency 0.7, setting values to 0 and Nyquist.
  raw = mne.io.read_raw_edf(str(psg_path), preload=True, verbose=False)
NOTE: pick_channels() is a legacy function. New code should use inst.pick(...).
Used Annotations descriptions: [np.str_('Sleep stage 1'), np.str_('Sleep stage 2'), np.str_('Sleep stage R'), np.str_('Sleep stage W')]
  2689 epochs, 4 channels, N1=204, REM=286 (6.4s)

[57/100] SC4322
Processing SC4322: PSG=SC4322E0-PSG.edf, Hyp=SC4322EC-Hypnogram.edf
/home/shamique/projects/sleep/scripts/preprocess_sleep_edf_expanded.py:76: RuntimeWarning: Number of records from the header does not match the file size (perhaps the recording was not stopped before exiting). Inferring from the file size.
  raw = mne.io.read_raw_edf(str(psg_path), preload=True, verbose=False)
/home/shamique/projects/sleep/scripts/preprocess_sleep_edf_expanded.py:76: RuntimeWarning: Channels contain different highpass filters. Highest filter setting will be stored.
  raw = mne.io.read_raw_edf(str(psg_path), preload=True, verbose=False)
/home/shamique/projects/sleep/scripts/preprocess_sleep_edf_expanded.py:76: RuntimeWarning: Channels contain different lowpass filters. Lowest filter setting will be stored.
  raw = mne.io.read_raw_edf(str(psg_path), preload=True, verbose=False)
/home/shamique/projects/sleep/scripts/preprocess_sleep_edf_expanded.py:76: RuntimeWarning: Highpass cutoff frequency 16.0 is greater than lowpass cutoff frequency 0.7, setting values to 0 and Nyquist.
  raw = mne.io.read_raw_edf(str(psg_path), preload=True, verbose=False)
NOTE: pick_channels() is a legacy function. New code should use inst.pick(...).
Used Annotations descriptions: [np.str_('Sleep stage 1'), np.str_('Sleep stage 2'), np.str_('Sleep stage 3'), np.str_('Sleep stage R'), np.str_('Sleep stage W')]
  2545 epochs, 4 channels, N1=144, REM=241 (8.3s)

[58/100] SC4401
Processing SC4401: PSG=SC4401E0-PSG.edf, Hyp=SC4401EC-Hypnogram.edf
/home/shamique/projects/sleep/scripts/preprocess_sleep_edf_expanded.py:76: RuntimeWarning: Number of records from the header does not match the file size (perhaps the recording was not stopped before exiting). Inferring from the file size.
  raw = mne.io.read_raw_edf(str(psg_path), preload=True, verbose=False)
/home/shamique/projects/sleep/scripts/preprocess_sleep_edf_expanded.py:76: RuntimeWarning: Channels contain different highpass filters. Highest filter setting will be stored.
  raw = mne.io.read_raw_edf(str(psg_path), preload=True, verbose=False)
/home/shamique/projects/sleep/scripts/preprocess_sleep_edf_expanded.py:76: RuntimeWarning: Channels contain different lowpass filters. Lowest filter setting will be stored.
  raw = mne.io.read_raw_edf(str(psg_path), preload=True, verbose=False)
/home/shamique/projects/sleep/scripts/preprocess_sleep_edf_expanded.py:76: RuntimeWarning: Highpass cutoff frequency 16.0 is greater than lowpass cutoff frequency 0.7, setting values to 0 and Nyquist.
  raw = mne.io.read_raw_edf(str(psg_path), preload=True, verbose=False)
NOTE: pick_channels() is a legacy function. New code should use inst.pick(...).
Used Annotations descriptions: [np.str_('Sleep stage 1'), np.str_('Sleep stage 2'), np.str_('Sleep stage 3'), np.str_('Sleep stage R'), np.str_('Sleep stage W')]
  2596 epochs, 4 channels, N1=163, REM=110 (5.8s)

[59/100] SC4402
Processing SC4402: PSG=SC4402E0-PSG.edf, Hyp=SC4402EW-Hypnogram.edf
/home/shamique/projects/sleep/scripts/preprocess_sleep_edf_expanded.py:76: RuntimeWarning: Number of records from the header does not match the file size (perhaps the recording was not stopped before exiting). Inferring from the file size.
  raw = mne.io.read_raw_edf(str(psg_path), preload=True, verbose=False)
/home/shamique/projects/sleep/scripts/preprocess_sleep_edf_expanded.py:76: RuntimeWarning: Channels contain different highpass filters. Highest filter setting will be stored.
  raw = mne.io.read_raw_edf(str(psg_path), preload=True, verbose=False)
/home/shamique/projects/sleep/scripts/preprocess_sleep_edf_expanded.py:76: RuntimeWarning: Channels contain different lowpass filters. Lowest filter setting will be stored.
  raw = mne.io.read_raw_edf(str(psg_path), preload=True, verbose=False)
/home/shamique/projects/sleep/scripts/preprocess_sleep_edf_expanded.py:76: RuntimeWarning: Highpass cutoff frequency 16.0 is greater than lowpass cutoff frequency 0.7, setting values to 0 and Nyquist.
  raw = mne.io.read_raw_edf(str(psg_path), preload=True, verbose=False)
NOTE: pick_channels() is a legacy function. New code should use inst.pick(...).
Used Annotations descriptions: [np.str_('Sleep stage 1'), np.str_('Sleep stage 2'), np.str_('Sleep stage 3'), np.str_('Sleep stage 4'), np.str_('Sleep stage R'), np.str_('Sleep stage W')]
  2772 epochs, 4 channels, N1=92, REM=254 (6.2s)

[60/100] SC4411
Processing SC4411: PSG=SC4411E0-PSG.edf, Hyp=SC4411EJ-Hypnogram.edf
/home/shamique/projects/sleep/scripts/preprocess_sleep_edf_expanded.py:76: RuntimeWarning: Channels contain different highpass filters. Highest filter setting will be stored.
  raw = mne.io.read_raw_edf(str(psg_path), preload=True, verbose=False)
/home/shamique/projects/sleep/scripts/preprocess_sleep_edf_expanded.py:76: RuntimeWarning: Channels contain different lowpass filters. Lowest filter setting will be stored.
  raw = mne.io.read_raw_edf(str(psg_path), preload=True, verbose=False)
/home/shamique/projects/sleep/scripts/preprocess_sleep_edf_expanded.py:76: RuntimeWarning: Highpass cutoff frequency 16.0 is greater than lowpass cutoff frequency 0.7, setting values to 0 and Nyquist.
  raw = mne.io.read_raw_edf(str(psg_path), preload=True, verbose=False)
NOTE: pick_channels() is a legacy function. New code should use inst.pick(...).
Used Annotations descriptions: [np.str_('Sleep stage 1'), np.str_('Sleep stage 2'), np.str_('Sleep stage 3'), np.str_('Sleep stage 4'), np.str_('Sleep stage R'), np.str_('Sleep stage W')]
  2728 epochs, 4 channels, N1=145, REM=204 (6.1s)

[61/100] SC4412
Processing SC4412: PSG=SC4412E0-PSG.edf, Hyp=SC4412EM-Hypnogram.edf
/home/shamique/projects/sleep/scripts/preprocess_sleep_edf_expanded.py:76: RuntimeWarning: Number of records from the header does not match the file size (perhaps the recording was not stopped before exiting). Inferring from the file size.
  raw = mne.io.read_raw_edf(str(psg_path), preload=True, verbose=False)
/home/shamique/projects/sleep/scripts/preprocess_sleep_edf_expanded.py:76: RuntimeWarning: Channels contain different highpass filters. Highest filter setting will be stored.
  raw = mne.io.read_raw_edf(str(psg_path), preload=True, verbose=False)
/home/shamique/projects/sleep/scripts/preprocess_sleep_edf_expanded.py:76: RuntimeWarning: Channels contain different lowpass filters. Lowest filter setting will be stored.
  raw = mne.io.read_raw_edf(str(psg_path), preload=True, verbose=False)
/home/shamique/projects/sleep/scripts/preprocess_sleep_edf_expanded.py:76: RuntimeWarning: Highpass cutoff frequency 16.0 is greater than lowpass cutoff frequency 0.7, setting values to 0 and Nyquist.
  raw = mne.io.read_raw_edf(str(psg_path), preload=True, verbose=False)
NOTE: pick_channels() is a legacy function. New code should use inst.pick(...).
Used Annotations descriptions: [np.str_('Sleep stage 1'), np.str_('Sleep stage 2'), np.str_('Sleep stage 3'), np.str_('Sleep stage 4'), np.str_('Sleep stage R'), np.str_('Sleep stage W')]
  2594 epochs, 4 channels, N1=64, REM=100 (12.6s)

[62/100] SC4421
Processing SC4421: PSG=SC4421E0-PSG.edf, Hyp=SC4421EA-Hypnogram.edf
/home/shamique/projects/sleep/scripts/preprocess_sleep_edf_expanded.py:76: RuntimeWarning: Channels contain different highpass filters. Highest filter setting will be stored.
  raw = mne.io.read_raw_edf(str(psg_path), preload=True, verbose=False)
/home/shamique/projects/sleep/scripts/preprocess_sleep_edf_expanded.py:76: RuntimeWarning: Channels contain different lowpass filters. Lowest filter setting will be stored.
  raw = mne.io.read_raw_edf(str(psg_path), preload=True, verbose=False)
/home/shamique/projects/sleep/scripts/preprocess_sleep_edf_expanded.py:76: RuntimeWarning: Highpass cutoff frequency 16.0 is greater than lowpass cutoff frequency 0.7, setting values to 0 and Nyquist.
  raw = mne.io.read_raw_edf(str(psg_path), preload=True, verbose=False)
NOTE: pick_channels() is a legacy function. New code should use inst.pick(...).
Used Annotations descriptions: [np.str_('Sleep stage 1'), np.str_('Sleep stage 2'), np.str_('Sleep stage 3'), np.str_('Sleep stage 4'), np.str_('Sleep stage R'), np.str_('Sleep stage W')]
  2764 epochs, 4 channels, N1=34, REM=158 (9.7s)

[63/100] SC4422
Processing SC4422: PSG=SC4422E0-PSG.edf, Hyp=SC4422EA-Hypnogram.edf
/home/shamique/projects/sleep/scripts/preprocess_sleep_edf_expanded.py:76: RuntimeWarning: Channels contain different highpass filters. Highest filter setting will be stored.
  raw = mne.io.read_raw_edf(str(psg_path), preload=True, verbose=False)
/home/shamique/projects/sleep/scripts/preprocess_sleep_edf_expanded.py:76: RuntimeWarning: Channels contain different lowpass filters. Lowest filter setting will be stored.
  raw = mne.io.read_raw_edf(str(psg_path), preload=True, verbose=False)
/home/shamique/projects/sleep/scripts/preprocess_sleep_edf_expanded.py:76: RuntimeWarning: Highpass cutoff frequency 16.0 is greater than lowpass cutoff frequency 0.7, setting values to 0 and Nyquist.
  raw = mne.io.read_raw_edf(str(psg_path), preload=True, verbose=False)
NOTE: pick_channels() is a legacy function. New code should use inst.pick(...).
Used Annotations descriptions: [np.str_('Sleep stage 1'), np.str_('Sleep stage 2'), np.str_('Sleep stage 3'), np.str_('Sleep stage 4'), np.str_('Sleep stage R'), np.str_('Sleep stage W')]
  2682 epochs, 4 channels, N1=159, REM=88 (6.3s)

[64/100] SC4431
Processing SC4431: PSG=SC4431E0-PSG.edf, Hyp=SC4431EM-Hypnogram.edf
/home/shamique/projects/sleep/scripts/preprocess_sleep_edf_expanded.py:76: RuntimeWarning: Channels contain different highpass filters. Highest filter setting will be stored.
  raw = mne.io.read_raw_edf(str(psg_path), preload=True, verbose=False)
/home/shamique/projects/sleep/scripts/preprocess_sleep_edf_expanded.py:76: RuntimeWarning: Channels contain different lowpass filters. Lowest filter setting will be stored.
  raw = mne.io.read_raw_edf(str(psg_path), preload=True, verbose=False)
/home/shamique/projects/sleep/scripts/preprocess_sleep_edf_expanded.py:76: RuntimeWarning: Highpass cutoff frequency 16.0 is greater than lowpass cutoff frequency 0.7, setting values to 0 and Nyquist.
  raw = mne.io.read_raw_edf(str(psg_path), preload=True, verbose=False)
NOTE: pick_channels() is a legacy function. New code should use inst.pick(...).
Used Annotations descriptions: [np.str_('Sleep stage 1'), np.str_('Sleep stage 2'), np.str_('Sleep stage 3'), np.str_('Sleep stage 4'), np.str_('Sleep stage R'), np.str_('Sleep stage W')]
  2723 epochs, 4 channels, N1=63, REM=81 (7.3s)

[65/100] SC4432
Processing SC4432: PSG=SC4432E0-PSG.edf, Hyp=SC4432EM-Hypnogram.edf
/home/shamique/projects/sleep/scripts/preprocess_sleep_edf_expanded.py:76: RuntimeWarning: Channels contain different highpass filters. Highest filter setting will be stored.
  raw = mne.io.read_raw_edf(str(psg_path), preload=True, verbose=False)
/home/shamique/projects/sleep/scripts/preprocess_sleep_edf_expanded.py:76: RuntimeWarning: Channels contain different lowpass filters. Lowest filter setting will be stored.
  raw = mne.io.read_raw_edf(str(psg_path), preload=True, verbose=False)
/home/shamique/projects/sleep/scripts/preprocess_sleep_edf_expanded.py:76: RuntimeWarning: Highpass cutoff frequency 16.0 is greater than lowpass cutoff frequency 0.7, setting values to 0 and Nyquist.
  raw = mne.io.read_raw_edf(str(psg_path), preload=True, verbose=False)
NOTE: pick_channels() is a legacy function. New code should use inst.pick(...).
Used Annotations descriptions: [np.str_('Sleep stage 1'), np.str_('Sleep stage 2'), np.str_('Sleep stage 3'), np.str_('Sleep stage 4'), np.str_('Sleep stage R'), np.str_('Sleep stage W')]
  2780 epochs, 4 channels, N1=41, REM=197 (6.0s)

[66/100] SC4441
Processing SC4441: PSG=SC4441E0-PSG.edf, Hyp=SC4441EC-Hypnogram.edf
/home/shamique/projects/sleep/scripts/preprocess_sleep_edf_expanded.py:76: RuntimeWarning: Channels contain different highpass filters. Highest filter setting will be stored.
  raw = mne.io.read_raw_edf(str(psg_path), preload=True, verbose=False)
/home/shamique/projects/sleep/scripts/preprocess_sleep_edf_expanded.py:76: RuntimeWarning: Channels contain different lowpass filters. Lowest filter setting will be stored.
  raw = mne.io.read_raw_edf(str(psg_path), preload=True, verbose=False)
/home/shamique/projects/sleep/scripts/preprocess_sleep_edf_expanded.py:76: RuntimeWarning: Highpass cutoff frequency 16.0 is greater than lowpass cutoff frequency 0.7, setting values to 0 and Nyquist.
  raw = mne.io.read_raw_edf(str(psg_path), preload=True, verbose=False)
NOTE: pick_channels() is a legacy function. New code should use inst.pick(...).
Used Annotations descriptions: [np.str_('Sleep stage 1'), np.str_('Sleep stage 2'), np.str_('Sleep stage 3'), np.str_('Sleep stage 4'), np.str_('Sleep stage R'), np.str_('Sleep stage W')]
  2620 epochs, 4 channels, N1=183, REM=100 (6.4s)

[67/100] SC4442
Processing SC4442: PSG=SC4442E0-PSG.edf, Hyp=SC4442EV-Hypnogram.edf
/home/shamique/projects/sleep/scripts/preprocess_sleep_edf_expanded.py:76: RuntimeWarning: Channels contain different highpass filters. Highest filter setting will be stored.
  raw = mne.io.read_raw_edf(str(psg_path), preload=True, verbose=False)
/home/shamique/projects/sleep/scripts/preprocess_sleep_edf_expanded.py:76: RuntimeWarning: Channels contain different lowpass filters. Lowest filter setting will be stored.
  raw = mne.io.read_raw_edf(str(psg_path), preload=True, verbose=False)
/home/shamique/projects/sleep/scripts/preprocess_sleep_edf_expanded.py:76: RuntimeWarning: Highpass cutoff frequency 16.0 is greater than lowpass cutoff frequency 0.7, setting values to 0 and Nyquist.
  raw = mne.io.read_raw_edf(str(psg_path), preload=True, verbose=False)
NOTE: pick_channels() is a legacy function. New code should use inst.pick(...).
Used Annotations descriptions: [np.str_('Sleep stage 1'), np.str_('Sleep stage 2'), np.str_('Sleep stage 3'), np.str_('Sleep stage 4'), np.str_('Sleep stage R'), np.str_('Sleep stage W')]
  2778 epochs, 4 channels, N1=92, REM=96 (8.5s)

[68/100] SC4501
Processing SC4501: PSG=SC4501E0-PSG.edf, Hyp=SC4501EW-Hypnogram.edf
/home/shamique/projects/sleep/scripts/preprocess_sleep_edf_expanded.py:76: RuntimeWarning: Channels contain different highpass filters. Highest filter setting will be stored.
  raw = mne.io.read_raw_edf(str(psg_path), preload=True, verbose=False)
/home/shamique/projects/sleep/scripts/preprocess_sleep_edf_expanded.py:76: RuntimeWarning: Channels contain different lowpass filters. Lowest filter setting will be stored.
  raw = mne.io.read_raw_edf(str(psg_path), preload=True, verbose=False)
/home/shamique/projects/sleep/scripts/preprocess_sleep_edf_expanded.py:76: RuntimeWarning: Highpass cutoff frequency 16.0 is greater than lowpass cutoff frequency 0.7, setting values to 0 and Nyquist.
  raw = mne.io.read_raw_edf(str(psg_path), preload=True, verbose=False)
NOTE: pick_channels() is a legacy function. New code should use inst.pick(...).
Used Annotations descriptions: [np.str_('Sleep stage 1'), np.str_('Sleep stage 2'), np.str_('Sleep stage 3'), np.str_('Sleep stage R'), np.str_('Sleep stage W')]
  2750 epochs, 4 channels, N1=190, REM=193 (5.7s)

[69/100] SC4502
Processing SC4502: PSG=SC4502E0-PSG.edf, Hyp=SC4502EM-Hypnogram.edf
/home/shamique/projects/sleep/scripts/preprocess_sleep_edf_expanded.py:76: RuntimeWarning: Number of records from the header does not match the file size (perhaps the recording was not stopped before exiting). Inferring from the file size.
  raw = mne.io.read_raw_edf(str(psg_path), preload=True, verbose=False)
/home/shamique/projects/sleep/scripts/preprocess_sleep_edf_expanded.py:76: RuntimeWarning: Channels contain different highpass filters. Highest filter setting will be stored.
  raw = mne.io.read_raw_edf(str(psg_path), preload=True, verbose=False)
/home/shamique/projects/sleep/scripts/preprocess_sleep_edf_expanded.py:76: RuntimeWarning: Channels contain different lowpass filters. Lowest filter setting will be stored.
  raw = mne.io.read_raw_edf(str(psg_path), preload=True, verbose=False)
/home/shamique/projects/sleep/scripts/preprocess_sleep_edf_expanded.py:76: RuntimeWarning: Highpass cutoff frequency 16.0 is greater than lowpass cutoff frequency 0.7, setting values to 0 and Nyquist.
  raw = mne.io.read_raw_edf(str(psg_path), preload=True, verbose=False)
NOTE: pick_channels() is a legacy function. New code should use inst.pick(...).
Used Annotations descriptions: [np.str_('Sleep stage 1'), np.str_('Sleep stage 2'), np.str_('Sleep stage 3'), np.str_('Sleep stage R'), np.str_('Sleep stage W')]
  1129 epochs, 4 channels, N1=15, REM=36 (4.3s)

[70/100] SC4511
Processing SC4511: PSG=SC4511E0-PSG.edf, Hyp=SC4511EJ-Hypnogram.edf
/home/shamique/projects/sleep/scripts/preprocess_sleep_edf_expanded.py:76: RuntimeWarning: Number of records from the header does not match the file size (perhaps the recording was not stopped before exiting). Inferring from the file size.
  raw = mne.io.read_raw_edf(str(psg_path), preload=True, verbose=False)
/home/shamique/projects/sleep/scripts/preprocess_sleep_edf_expanded.py:76: RuntimeWarning: Channels contain different highpass filters. Highest filter setting will be stored.
  raw = mne.io.read_raw_edf(str(psg_path), preload=True, verbose=False)
/home/shamique/projects/sleep/scripts/preprocess_sleep_edf_expanded.py:76: RuntimeWarning: Channels contain different lowpass filters. Lowest filter setting will be stored.
  raw = mne.io.read_raw_edf(str(psg_path), preload=True, verbose=False)
/home/shamique/projects/sleep/scripts/preprocess_sleep_edf_expanded.py:76: RuntimeWarning: Highpass cutoff frequency 16.0 is greater than lowpass cutoff frequency 0.7, setting values to 0 and Nyquist.
  raw = mne.io.read_raw_edf(str(psg_path), preload=True, verbose=False)
NOTE: pick_channels() is a legacy function. New code should use inst.pick(...).
Used Annotations descriptions: [np.str_('Sleep stage 1'), np.str_('Sleep stage 2'), np.str_('Sleep stage 3'), np.str_('Sleep stage R'), np.str_('Sleep stage W')]
  1189 epochs, 4 channels, N1=118, REM=53 (2.1s)

[71/100] SC4512
Processing SC4512: PSG=SC4512E0-PSG.edf, Hyp=SC4512EW-Hypnogram.edf
/home/shamique/projects/sleep/scripts/preprocess_sleep_edf_expanded.py:76: RuntimeWarning: Channels contain different highpass filters. Highest filter setting will be stored.
  raw = mne.io.read_raw_edf(str(psg_path), preload=True, verbose=False)
/home/shamique/projects/sleep/scripts/preprocess_sleep_edf_expanded.py:76: RuntimeWarning: Channels contain different lowpass filters. Lowest filter setting will be stored.
  raw = mne.io.read_raw_edf(str(psg_path), preload=True, verbose=False)
/home/shamique/projects/sleep/scripts/preprocess_sleep_edf_expanded.py:76: RuntimeWarning: Highpass cutoff frequency 16.0 is greater than lowpass cutoff frequency 0.7, setting values to 0 and Nyquist.
  raw = mne.io.read_raw_edf(str(psg_path), preload=True, verbose=False)
NOTE: pick_channels() is a legacy function. New code should use inst.pick(...).
Used Annotations descriptions: [np.str_('Sleep stage 1'), np.str_('Sleep stage 2'), np.str_('Sleep stage 3'), np.str_('Sleep stage R'), np.str_('Sleep stage W')]
  2750 epochs, 4 channels, N1=179, REM=112 (5.1s)

[72/100] SC4522
Processing SC4522: PSG=SC4522E0-PSG.edf, Hyp=SC4522EM-Hypnogram.edf
/home/shamique/projects/sleep/scripts/preprocess_sleep_edf_expanded.py:76: RuntimeWarning: Number of records from the header does not match the file size (perhaps the recording was not stopped before exiting). Inferring from the file size.
  raw = mne.io.read_raw_edf(str(psg_path), preload=True, verbose=False)
/home/shamique/projects/sleep/scripts/preprocess_sleep_edf_expanded.py:76: RuntimeWarning: Channels contain different highpass filters. Highest filter setting will be stored.
  raw = mne.io.read_raw_edf(str(psg_path), preload=True, verbose=False)
/home/shamique/projects/sleep/scripts/preprocess_sleep_edf_expanded.py:76: RuntimeWarning: Channels contain different lowpass filters. Lowest filter setting will be stored.
  raw = mne.io.read_raw_edf(str(psg_path), preload=True, verbose=False)
/home/shamique/projects/sleep/scripts/preprocess_sleep_edf_expanded.py:76: RuntimeWarning: Highpass cutoff frequency 16.0 is greater than lowpass cutoff frequency 0.7, setting values to 0 and Nyquist.
  raw = mne.io.read_raw_edf(str(psg_path), preload=True, verbose=False)
NOTE: pick_channels() is a legacy function. New code should use inst.pick(...).
Used Annotations descriptions: [np.str_('Sleep stage 1'), np.str_('Sleep stage W')]
  1075 epochs, 4 channels, N1=7, REM=0 (1.9s)

[73/100] SC4531
Processing SC4531: PSG=SC4531E0-PSG.edf, Hyp=SC4531EM-Hypnogram.edf
/home/shamique/projects/sleep/scripts/preprocess_sleep_edf_expanded.py:76: RuntimeWarning: Number of records from the header does not match the file size (perhaps the recording was not stopped before exiting). Inferring from the file size.
  raw = mne.io.read_raw_edf(str(psg_path), preload=True, verbose=False)
/home/shamique/projects/sleep/scripts/preprocess_sleep_edf_expanded.py:76: RuntimeWarning: Channels contain different highpass filters. Highest filter setting will be stored.
  raw = mne.io.read_raw_edf(str(psg_path), preload=True, verbose=False)
/home/shamique/projects/sleep/scripts/preprocess_sleep_edf_expanded.py:76: RuntimeWarning: Channels contain different lowpass filters. Lowest filter setting will be stored.
  raw = mne.io.read_raw_edf(str(psg_path), preload=True, verbose=False)
/home/shamique/projects/sleep/scripts/preprocess_sleep_edf_expanded.py:76: RuntimeWarning: Highpass cutoff frequency 16.0 is greater than lowpass cutoff frequency 0.7, setting values to 0 and Nyquist.
  raw = mne.io.read_raw_edf(str(psg_path), preload=True, verbose=False)
NOTE: pick_channels() is a legacy function. New code should use inst.pick(...).
Used Annotations descriptions: [np.str_('Sleep stage 1'), np.str_('Sleep stage 2'), np.str_('Sleep stage 3'), np.str_('Sleep stage R'), np.str_('Sleep stage W')]
  1367 epochs, 4 channels, N1=59, REM=67 (6.5s)

[74/100] SC4532
Processing SC4532: PSG=SC4532E0-PSG.edf, Hyp=SC4532EV-Hypnogram.edf
/home/shamique/projects/sleep/scripts/preprocess_sleep_edf_expanded.py:76: RuntimeWarning: Channels contain different highpass filters. Highest filter setting will be stored.
  raw = mne.io.read_raw_edf(str(psg_path), preload=True, verbose=False)
/home/shamique/projects/sleep/scripts/preprocess_sleep_edf_expanded.py:76: RuntimeWarning: Channels contain different lowpass filters. Lowest filter setting will be stored.
  raw = mne.io.read_raw_edf(str(psg_path), preload=True, verbose=False)
/home/shamique/projects/sleep/scripts/preprocess_sleep_edf_expanded.py:76: RuntimeWarning: Highpass cutoff frequency 16.0 is greater than lowpass cutoff frequency 0.7, setting values to 0 and Nyquist.
  raw = mne.io.read_raw_edf(str(psg_path), preload=True, verbose=False)
NOTE: pick_channels() is a legacy function. New code should use inst.pick(...).
Used Annotations descriptions: [np.str_('Sleep stage 1'), np.str_('Sleep stage 2'), np.str_('Sleep stage 3'), np.str_('Sleep stage R'), np.str_('Sleep stage W')]
  2744 epochs, 4 channels, N1=147, REM=170 (5.9s)

[75/100] SC4601
Processing SC4601: PSG=SC4601E0-PSG.edf, Hyp=SC4601EC-Hypnogram.edf
/home/shamique/projects/sleep/scripts/preprocess_sleep_edf_expanded.py:76: RuntimeWarning: Channels contain different highpass filters. Highest filter setting will be stored.
  raw = mne.io.read_raw_edf(str(psg_path), preload=True, verbose=False)
/home/shamique/projects/sleep/scripts/preprocess_sleep_edf_expanded.py:76: RuntimeWarning: Channels contain different lowpass filters. Lowest filter setting will be stored.
  raw = mne.io.read_raw_edf(str(psg_path), preload=True, verbose=False)
/home/shamique/projects/sleep/scripts/preprocess_sleep_edf_expanded.py:76: RuntimeWarning: Highpass cutoff frequency 16.0 is greater than lowpass cutoff frequency 0.7, setting values to 0 and Nyquist.
  raw = mne.io.read_raw_edf(str(psg_path), preload=True, verbose=False)
NOTE: pick_channels() is a legacy function. New code should use inst.pick(...).
Used Annotations descriptions: [np.str_('Sleep stage 1'), np.str_('Sleep stage 2'), np.str_('Sleep stage 3'), np.str_('Sleep stage 4'), np.str_('Sleep stage R'), np.str_('Sleep stage W')]
  2730 epochs, 4 channels, N1=38, REM=170 (6.1s)

[76/100] SC4602
Processing SC4602: PSG=SC4602E0-PSG.edf, Hyp=SC4602EJ-Hypnogram.edf
/home/shamique/projects/sleep/scripts/preprocess_sleep_edf_expanded.py:76: RuntimeWarning: Channels contain different highpass filters. Highest filter setting will be stored.
  raw = mne.io.read_raw_edf(str(psg_path), preload=True, verbose=False)
/home/shamique/projects/sleep/scripts/preprocess_sleep_edf_expanded.py:76: RuntimeWarning: Channels contain different lowpass filters. Lowest filter setting will be stored.
  raw = mne.io.read_raw_edf(str(psg_path), preload=True, verbose=False)
/home/shamique/projects/sleep/scripts/preprocess_sleep_edf_expanded.py:76: RuntimeWarning: Highpass cutoff frequency 16.0 is greater than lowpass cutoff frequency 0.7, setting values to 0 and Nyquist.
  raw = mne.io.read_raw_edf(str(psg_path), preload=True, verbose=False)
NOTE: pick_channels() is a legacy function. New code should use inst.pick(...).
Used Annotations descriptions: [np.str_('Sleep stage 1'), np.str_('Sleep stage 2'), np.str_('Sleep stage 3'), np.str_('Sleep stage 4'), np.str_('Sleep stage R'), np.str_('Sleep stage W')]
  2800 epochs, 4 channels, N1=223, REM=249 (11.4s)

[77/100] SC4611
Processing SC4611: PSG=SC4611E0-PSG.edf, Hyp=SC4611EG-Hypnogram.edf
/home/shamique/projects/sleep/scripts/preprocess_sleep_edf_expanded.py:76: RuntimeWarning: Channels contain different highpass filters. Highest filter setting will be stored.
  raw = mne.io.read_raw_edf(str(psg_path), preload=True, verbose=False)
/home/shamique/projects/sleep/scripts/preprocess_sleep_edf_expanded.py:76: RuntimeWarning: Channels contain different lowpass filters. Lowest filter setting will be stored.
  raw = mne.io.read_raw_edf(str(psg_path), preload=True, verbose=False)
/home/shamique/projects/sleep/scripts/preprocess_sleep_edf_expanded.py:76: RuntimeWarning: Highpass cutoff frequency 16.0 is greater than lowpass cutoff frequency 0.7, setting values to 0 and Nyquist.
  raw = mne.io.read_raw_edf(str(psg_path), preload=True, verbose=False)
NOTE: pick_channels() is a legacy function. New code should use inst.pick(...).
Used Annotations descriptions: [np.str_('Sleep stage 1'), np.str_('Sleep stage 2'), np.str_('Sleep stage 3'), np.str_('Sleep stage 4'), np.str_('Sleep stage R'), np.str_('Sleep stage W')]
  2644 epochs, 4 channels, N1=123, REM=399 (6.1s)

[78/100] SC4612
Processing SC4612: PSG=SC4612E0-PSG.edf, Hyp=SC4612EA-Hypnogram.edf
/home/shamique/projects/sleep/scripts/preprocess_sleep_edf_expanded.py:76: RuntimeWarning: Channels contain different highpass filters. Highest filter setting will be stored.
  raw = mne.io.read_raw_edf(str(psg_path), preload=True, verbose=False)
/home/shamique/projects/sleep/scripts/preprocess_sleep_edf_expanded.py:76: RuntimeWarning: Channels contain different lowpass filters. Lowest filter setting will be stored.
  raw = mne.io.read_raw_edf(str(psg_path), preload=True, verbose=False)
/home/shamique/projects/sleep/scripts/preprocess_sleep_edf_expanded.py:76: RuntimeWarning: Highpass cutoff frequency 16.0 is greater than lowpass cutoff frequency 0.7, setting values to 0 and Nyquist.
  raw = mne.io.read_raw_edf(str(psg_path), preload=True, verbose=False)
NOTE: pick_channels() is a legacy function. New code should use inst.pick(...).
Used Annotations descriptions: [np.str_('Sleep stage 1'), np.str_('Sleep stage 2'), np.str_('Sleep stage 3'), np.str_('Sleep stage 4'), np.str_('Sleep stage R'), np.str_('Sleep stage W')]
  2730 epochs, 4 channels, N1=96, REM=214 (5.7s)

[79/100] SC4621
Processing SC4621: PSG=SC4621E0-PSG.edf, Hyp=SC4621EV-Hypnogram.edf
/home/shamique/projects/sleep/scripts/preprocess_sleep_edf_expanded.py:76: RuntimeWarning: Channels contain different highpass filters. Highest filter setting will be stored.
  raw = mne.io.read_raw_edf(str(psg_path), preload=True, verbose=False)
/home/shamique/projects/sleep/scripts/preprocess_sleep_edf_expanded.py:76: RuntimeWarning: Channels contain different lowpass filters. Lowest filter setting will be stored.
  raw = mne.io.read_raw_edf(str(psg_path), preload=True, verbose=False)
/home/shamique/projects/sleep/scripts/preprocess_sleep_edf_expanded.py:76: RuntimeWarning: Highpass cutoff frequency 16.0 is greater than lowpass cutoff frequency 0.7, setting values to 0 and Nyquist.
  raw = mne.io.read_raw_edf(str(psg_path), preload=True, verbose=False)
NOTE: pick_channels() is a legacy function. New code should use inst.pick(...).
Used Annotations descriptions: [np.str_('Sleep stage 1'), np.str_('Sleep stage 2'), np.str_('Sleep stage 3'), np.str_('Sleep stage R'), np.str_('Sleep stage W')]
  2612 epochs, 4 channels, N1=276, REM=78 (10.0s)

[80/100] SC4622
Processing SC4622: PSG=SC4622E0-PSG.edf, Hyp=SC4622EJ-Hypnogram.edf
/home/shamique/projects/sleep/scripts/preprocess_sleep_edf_expanded.py:76: RuntimeWarning: Channels contain different highpass filters. Highest filter setting will be stored.
  raw = mne.io.read_raw_edf(str(psg_path), preload=True, verbose=False)
/home/shamique/projects/sleep/scripts/preprocess_sleep_edf_expanded.py:76: RuntimeWarning: Channels contain different lowpass filters. Lowest filter setting will be stored.
  raw = mne.io.read_raw_edf(str(psg_path), preload=True, verbose=False)
/home/shamique/projects/sleep/scripts/preprocess_sleep_edf_expanded.py:76: RuntimeWarning: Highpass cutoff frequency 16.0 is greater than lowpass cutoff frequency 0.7, setting values to 0 and Nyquist.
  raw = mne.io.read_raw_edf(str(psg_path), preload=True, verbose=False)
NOTE: pick_channels() is a legacy function. New code should use inst.pick(...).
Used Annotations descriptions: [np.str_('Sleep stage 1'), np.str_('Sleep stage 2'), np.str_('Sleep stage 3'), np.str_('Sleep stage R'), np.str_('Sleep stage W')]
  2856 epochs, 4 channels, N1=347, REM=115 (11.2s)

[81/100] SC4631
Processing SC4631: PSG=SC4631E0-PSG.edf, Hyp=SC4631EM-Hypnogram.edf
/home/shamique/projects/sleep/scripts/preprocess_sleep_edf_expanded.py:76: RuntimeWarning: Number of records from the header does not match the file size (perhaps the recording was not stopped before exiting). Inferring from the file size.
  raw = mne.io.read_raw_edf(str(psg_path), preload=True, verbose=False)
/home/shamique/projects/sleep/scripts/preprocess_sleep_edf_expanded.py:76: RuntimeWarning: Channels contain different highpass filters. Highest filter setting will be stored.
  raw = mne.io.read_raw_edf(str(psg_path), preload=True, verbose=False)
/home/shamique/projects/sleep/scripts/preprocess_sleep_edf_expanded.py:76: RuntimeWarning: Channels contain different lowpass filters. Lowest filter setting will be stored.
  raw = mne.io.read_raw_edf(str(psg_path), preload=True, verbose=False)
/home/shamique/projects/sleep/scripts/preprocess_sleep_edf_expanded.py:76: RuntimeWarning: Highpass cutoff frequency 16.0 is greater than lowpass cutoff frequency 0.7, setting values to 0 and Nyquist.
  raw = mne.io.read_raw_edf(str(psg_path), preload=True, verbose=False)
NOTE: pick_channels() is a legacy function. New code should use inst.pick(...).
Used Annotations descriptions: [np.str_('Sleep stage 1'), np.str_('Sleep stage 2'), np.str_('Sleep stage 3'), np.str_('Sleep stage R'), np.str_('Sleep stage W')]
  1896 epochs, 4 channels, N1=103, REM=120 (4.4s)

[82/100] SC4632
Processing SC4632: PSG=SC4632E0-PSG.edf, Hyp=SC4632EA-Hypnogram.edf
/home/shamique/projects/sleep/scripts/preprocess_sleep_edf_expanded.py:76: RuntimeWarning: Number of records from the header does not match the file size (perhaps the recording was not stopped before exiting). Inferring from the file size.
  raw = mne.io.read_raw_edf(str(psg_path), preload=True, verbose=False)
/home/shamique/projects/sleep/scripts/preprocess_sleep_edf_expanded.py:76: RuntimeWarning: Channels contain different highpass filters. Highest filter setting will be stored.
  raw = mne.io.read_raw_edf(str(psg_path), preload=True, verbose=False)
/home/shamique/projects/sleep/scripts/preprocess_sleep_edf_expanded.py:76: RuntimeWarning: Channels contain different lowpass filters. Lowest filter setting will be stored.
  raw = mne.io.read_raw_edf(str(psg_path), preload=True, verbose=False)
/home/shamique/projects/sleep/scripts/preprocess_sleep_edf_expanded.py:76: RuntimeWarning: Highpass cutoff frequency 16.0 is greater than lowpass cutoff frequency 0.7, setting values to 0 and Nyquist.
  raw = mne.io.read_raw_edf(str(psg_path), preload=True, verbose=False)
NOTE: pick_channels() is a legacy function. New code should use inst.pick(...).
Used Annotations descriptions: [np.str_('Sleep stage 1'), np.str_('Sleep stage 2'), np.str_('Sleep stage 3'), np.str_('Sleep stage R'), np.str_('Sleep stage W')]
  1709 epochs, 4 channels, N1=72, REM=111 (9.7s)

[83/100] SC4641
Processing SC4641: PSG=SC4641E0-PSG.edf, Hyp=SC4641EP-Hypnogram.edf
/home/shamique/projects/sleep/scripts/preprocess_sleep_edf_expanded.py:76: RuntimeWarning: Channels contain different highpass filters. Highest filter setting will be stored.
  raw = mne.io.read_raw_edf(str(psg_path), preload=True, verbose=False)
/home/shamique/projects/sleep/scripts/preprocess_sleep_edf_expanded.py:76: RuntimeWarning: Channels contain different lowpass filters. Lowest filter setting will be stored.
  raw = mne.io.read_raw_edf(str(psg_path), preload=True, verbose=False)
/home/shamique/projects/sleep/scripts/preprocess_sleep_edf_expanded.py:76: RuntimeWarning: Highpass cutoff frequency 16.0 is greater than lowpass cutoff frequency 0.7, setting values to 0 and Nyquist.
  raw = mne.io.read_raw_edf(str(psg_path), preload=True, verbose=False)
NOTE: pick_channels() is a legacy function. New code should use inst.pick(...).
Used Annotations descriptions: [np.str_('Sleep stage 1'), np.str_('Sleep stage 2'), np.str_('Sleep stage R'), np.str_('Sleep stage W')]
  2680 epochs, 4 channels, N1=179, REM=78 (5.5s)

[84/100] SC4642
Processing SC4642: PSG=SC4642E0-PSG.edf, Hyp=SC4642EP-Hypnogram.edf
/home/shamique/projects/sleep/scripts/preprocess_sleep_edf_expanded.py:76: RuntimeWarning: Number of records from the header does not match the file size (perhaps the recording was not stopped before exiting). Inferring from the file size.
  raw = mne.io.read_raw_edf(str(psg_path), preload=True, verbose=False)
/home/shamique/projects/sleep/scripts/preprocess_sleep_edf_expanded.py:76: RuntimeWarning: Channels contain different highpass filters. Highest filter setting will be stored.
  raw = mne.io.read_raw_edf(str(psg_path), preload=True, verbose=False)
/home/shamique/projects/sleep/scripts/preprocess_sleep_edf_expanded.py:76: RuntimeWarning: Channels contain different lowpass filters. Lowest filter setting will be stored.
  raw = mne.io.read_raw_edf(str(psg_path), preload=True, verbose=False)
/home/shamique/projects/sleep/scripts/preprocess_sleep_edf_expanded.py:76: RuntimeWarning: Highpass cutoff frequency 16.0 is greater than lowpass cutoff frequency 0.7, setting values to 0 and Nyquist.
  raw = mne.io.read_raw_edf(str(psg_path), preload=True, verbose=False)
NOTE: pick_channels() is a legacy function. New code should use inst.pick(...).
Used Annotations descriptions: [np.str_('Sleep stage 1'), np.str_('Sleep stage 2'), np.str_('Sleep stage W')]
  727 epochs, 4 channels, N1=3, REM=0 (2.4s)

[85/100] SC4651
Processing SC4651: PSG=SC4651E0-PSG.edf, Hyp=SC4651EP-Hypnogram.edf
/home/shamique/projects/sleep/scripts/preprocess_sleep_edf_expanded.py:76: RuntimeWarning: Number of records from the header does not match the file size (perhaps the recording was not stopped before exiting). Inferring from the file size.
  raw = mne.io.read_raw_edf(str(psg_path), preload=True, verbose=False)
/home/shamique/projects/sleep/scripts/preprocess_sleep_edf_expanded.py:76: RuntimeWarning: Channels contain different highpass filters. Highest filter setting will be stored.
  raw = mne.io.read_raw_edf(str(psg_path), preload=True, verbose=False)
/home/shamique/projects/sleep/scripts/preprocess_sleep_edf_expanded.py:76: RuntimeWarning: Channels contain different lowpass filters. Lowest filter setting will be stored.
  raw = mne.io.read_raw_edf(str(psg_path), preload=True, verbose=False)
/home/shamique/projects/sleep/scripts/preprocess_sleep_edf_expanded.py:76: RuntimeWarning: Highpass cutoff frequency 16.0 is greater than lowpass cutoff frequency 0.7, setting values to 0 and Nyquist.
  raw = mne.io.read_raw_edf(str(psg_path), preload=True, verbose=False)
NOTE: pick_channels() is a legacy function. New code should use inst.pick(...).
Used Annotations descriptions: [np.str_('Sleep stage 1'), np.str_('Sleep stage 2'), np.str_('Sleep stage 3'), np.str_('Sleep stage 4'), np.str_('Sleep stage R'), np.str_('Sleep stage W')]
  1177 epochs, 4 channels, N1=43, REM=51 (2.7s)

[86/100] SC4652
Processing SC4652: PSG=SC4652E0-PSG.edf, Hyp=SC4652EG-Hypnogram.edf
/home/shamique/projects/sleep/scripts/preprocess_sleep_edf_expanded.py:76: RuntimeWarning: Channels contain different highpass filters. Highest filter setting will be stored.
  raw = mne.io.read_raw_edf(str(psg_path), preload=True, verbose=False)
/home/shamique/projects/sleep/scripts/preprocess_sleep_edf_expanded.py:76: RuntimeWarning: Channels contain different lowpass filters. Lowest filter setting will be stored.
  raw = mne.io.read_raw_edf(str(psg_path), preload=True, verbose=False)
/home/shamique/projects/sleep/scripts/preprocess_sleep_edf_expanded.py:76: RuntimeWarning: Highpass cutoff frequency 16.0 is greater than lowpass cutoff frequency 0.7, setting values to 0 and Nyquist.
  raw = mne.io.read_raw_edf(str(psg_path), preload=True, verbose=False)
NOTE: pick_channels() is a legacy function. New code should use inst.pick(...).
Used Annotations descriptions: [np.str_('Sleep stage 1'), np.str_('Sleep stage 2'), np.str_('Sleep stage 3'), np.str_('Sleep stage 4'), np.str_('Sleep stage R'), np.str_('Sleep stage W')]
  2838 epochs, 4 channels, N1=204, REM=211 (16.8s)

[87/100] SC4661
Processing SC4661: PSG=SC4661E0-PSG.edf, Hyp=SC4661EJ-Hypnogram.edf
/home/shamique/projects/sleep/scripts/preprocess_sleep_edf_expanded.py:76: RuntimeWarning: Channels contain different highpass filters. Highest filter setting will be stored.
  raw = mne.io.read_raw_edf(str(psg_path), preload=True, verbose=False)
/home/shamique/projects/sleep/scripts/preprocess_sleep_edf_expanded.py:76: RuntimeWarning: Channels contain different lowpass filters. Lowest filter setting will be stored.
  raw = mne.io.read_raw_edf(str(psg_path), preload=True, verbose=False)
/home/shamique/projects/sleep/scripts/preprocess_sleep_edf_expanded.py:76: RuntimeWarning: Highpass cutoff frequency 16.0 is greater than lowpass cutoff frequency 0.7, setting values to 0 and Nyquist.
  raw = mne.io.read_raw_edf(str(psg_path), preload=True, verbose=False)
NOTE: pick_channels() is a legacy function. New code should use inst.pick(...).
Used Annotations descriptions: [np.str_('Sleep stage 1'), np.str_('Sleep stage 2'), np.str_('Sleep stage 3'), np.str_('Sleep stage R'), np.str_('Sleep stage W')]
  2664 epochs, 4 channels, N1=375, REM=110 (11.5s)

[88/100] SC4662
Processing SC4662: PSG=SC4662E0-PSG.edf, Hyp=SC4662EJ-Hypnogram.edf
/home/shamique/projects/sleep/scripts/preprocess_sleep_edf_expanded.py:76: RuntimeWarning: Channels contain different highpass filters. Highest filter setting will be stored.
  raw = mne.io.read_raw_edf(str(psg_path), preload=True, verbose=False)
/home/shamique/projects/sleep/scripts/preprocess_sleep_edf_expanded.py:76: RuntimeWarning: Channels contain different lowpass filters. Lowest filter setting will be stored.
  raw = mne.io.read_raw_edf(str(psg_path), preload=True, verbose=False)
/home/shamique/projects/sleep/scripts/preprocess_sleep_edf_expanded.py:76: RuntimeWarning: Highpass cutoff frequency 16.0 is greater than lowpass cutoff frequency 0.7, setting values to 0 and Nyquist.
  raw = mne.io.read_raw_edf(str(psg_path), preload=True, verbose=False)
NOTE: pick_channels() is a legacy function. New code should use inst.pick(...).
Used Annotations descriptions: [np.str_('Sleep stage 1'), np.str_('Sleep stage 2'), np.str_('Sleep stage 3'), np.str_('Sleep stage 4'), np.str_('Sleep stage R'), np.str_('Sleep stage W')]
  2820 epochs, 4 channels, N1=235, REM=250 (10.4s)

[89/100] SC4701
Processing SC4701: PSG=SC4701E0-PSG.edf, Hyp=SC4701EC-Hypnogram.edf
/home/shamique/projects/sleep/scripts/preprocess_sleep_edf_expanded.py:76: RuntimeWarning: Channels contain different highpass filters. Highest filter setting will be stored.
  raw = mne.io.read_raw_edf(str(psg_path), preload=True, verbose=False)
/home/shamique/projects/sleep/scripts/preprocess_sleep_edf_expanded.py:76: RuntimeWarning: Channels contain different lowpass filters. Lowest filter setting will be stored.
  raw = mne.io.read_raw_edf(str(psg_path), preload=True, verbose=False)
/home/shamique/projects/sleep/scripts/preprocess_sleep_edf_expanded.py:76: RuntimeWarning: Highpass cutoff frequency 16.0 is greater than lowpass cutoff frequency 0.7, setting values to 0 and Nyquist.
  raw = mne.io.read_raw_edf(str(psg_path), preload=True, verbose=False)
NOTE: pick_channels() is a legacy function. New code should use inst.pick(...).
Used Annotations descriptions: [np.str_('Sleep stage 1'), np.str_('Sleep stage 2'), np.str_('Sleep stage 3'), np.str_('Sleep stage R'), np.str_('Sleep stage W')]
  2679 epochs, 4 channels, N1=143, REM=105 (8.0s)

[90/100] SC4702
Processing SC4702: PSG=SC4702E0-PSG.edf, Hyp=SC4702EA-Hypnogram.edf
/home/shamique/projects/sleep/scripts/preprocess_sleep_edf_expanded.py:76: RuntimeWarning: Channels contain different highpass filters. Highest filter setting will be stored.
  raw = mne.io.read_raw_edf(str(psg_path), preload=True, verbose=False)
/home/shamique/projects/sleep/scripts/preprocess_sleep_edf_expanded.py:76: RuntimeWarning: Channels contain different lowpass filters. Lowest filter setting will be stored.
  raw = mne.io.read_raw_edf(str(psg_path), preload=True, verbose=False)
/home/shamique/projects/sleep/scripts/preprocess_sleep_edf_expanded.py:76: RuntimeWarning: Highpass cutoff frequency 16.0 is greater than lowpass cutoff frequency 0.7, setting values to 0 and Nyquist.
  raw = mne.io.read_raw_edf(str(psg_path), preload=True, verbose=False)
NOTE: pick_channels() is a legacy function. New code should use inst.pick(...).
Used Annotations descriptions: [np.str_('Sleep stage 1'), np.str_('Sleep stage 2'), np.str_('Sleep stage 3'), np.str_('Sleep stage R'), np.str_('Sleep stage W')]
  2624 epochs, 4 channels, N1=233, REM=98 (9.2s)

[91/100] SC4711
Processing SC4711: PSG=SC4711E0-PSG.edf, Hyp=SC4711EC-Hypnogram.edf
/home/shamique/projects/sleep/scripts/preprocess_sleep_edf_expanded.py:76: RuntimeWarning: Channels contain different highpass filters. Highest filter setting will be stored.
  raw = mne.io.read_raw_edf(str(psg_path), preload=True, verbose=False)
/home/shamique/projects/sleep/scripts/preprocess_sleep_edf_expanded.py:76: RuntimeWarning: Channels contain different lowpass filters. Lowest filter setting will be stored.
  raw = mne.io.read_raw_edf(str(psg_path), preload=True, verbose=False)
/home/shamique/projects/sleep/scripts/preprocess_sleep_edf_expanded.py:76: RuntimeWarning: Highpass cutoff frequency 16.0 is greater than lowpass cutoff frequency 0.7, setting values to 0 and Nyquist.
  raw = mne.io.read_raw_edf(str(psg_path), preload=True, verbose=False)
NOTE: pick_channels() is a legacy function. New code should use inst.pick(...).
Used Annotations descriptions: [np.str_('Sleep stage 1'), np.str_('Sleep stage 2'), np.str_('Sleep stage 3'), np.str_('Sleep stage R'), np.str_('Sleep stage W')]
  2730 epochs, 4 channels, N1=234, REM=118 (8.6s)

[92/100] SC4712
Processing SC4712: PSG=SC4712E0-PSG.edf, Hyp=SC4712EA-Hypnogram.edf
/home/shamique/projects/sleep/scripts/preprocess_sleep_edf_expanded.py:76: RuntimeWarning: Number of records from the header does not match the file size (perhaps the recording was not stopped before exiting). Inferring from the file size.
  raw = mne.io.read_raw_edf(str(psg_path), preload=True, verbose=False)
/home/shamique/projects/sleep/scripts/preprocess_sleep_edf_expanded.py:76: RuntimeWarning: Channels contain different highpass filters. Highest filter setting will be stored.
  raw = mne.io.read_raw_edf(str(psg_path), preload=True, verbose=False)
/home/shamique/projects/sleep/scripts/preprocess_sleep_edf_expanded.py:76: RuntimeWarning: Channels contain different lowpass filters. Lowest filter setting will be stored.
  raw = mne.io.read_raw_edf(str(psg_path), preload=True, verbose=False)
/home/shamique/projects/sleep/scripts/preprocess_sleep_edf_expanded.py:76: RuntimeWarning: Highpass cutoff frequency 16.0 is greater than lowpass cutoff frequency 0.7, setting values to 0 and Nyquist.
  raw = mne.io.read_raw_edf(str(psg_path), preload=True, verbose=False)
NOTE: pick_channels() is a legacy function. New code should use inst.pick(...).
Used Annotations descriptions: [np.str_('Sleep stage 1'), np.str_('Sleep stage 2'), np.str_('Sleep stage R'), np.str_('Sleep stage W')]
  1442 epochs, 4 channels, N1=140, REM=65 (3.3s)

[93/100] SC4721
Processing SC4721: PSG=SC4721E0-PSG.edf, Hyp=SC4721EC-Hypnogram.edf
/home/shamique/projects/sleep/scripts/preprocess_sleep_edf_expanded.py:76: RuntimeWarning: Channels contain different highpass filters. Highest filter setting will be stored.
  raw = mne.io.read_raw_edf(str(psg_path), preload=True, verbose=False)
/home/shamique/projects/sleep/scripts/preprocess_sleep_edf_expanded.py:76: RuntimeWarning: Channels contain different lowpass filters. Lowest filter setting will be stored.
  raw = mne.io.read_raw_edf(str(psg_path), preload=True, verbose=False)
/home/shamique/projects/sleep/scripts/preprocess_sleep_edf_expanded.py:76: RuntimeWarning: Highpass cutoff frequency 16.0 is greater than lowpass cutoff frequency 0.7, setting values to 0 and Nyquist.
  raw = mne.io.read_raw_edf(str(psg_path), preload=True, verbose=False)
NOTE: pick_channels() is a legacy function. New code should use inst.pick(...).
Used Annotations descriptions: [np.str_('Sleep stage 1'), np.str_('Sleep stage 2'), np.str_('Sleep stage R'), np.str_('Sleep stage W')]
  2342 epochs, 4 channels, N1=259, REM=174 (10.4s)

[94/100] SC4722
Processing SC4722: PSG=SC4722E0-PSG.edf, Hyp=SC4722EM-Hypnogram.edf
/home/shamique/projects/sleep/scripts/preprocess_sleep_edf_expanded.py:76: RuntimeWarning: Number of records from the header does not match the file size (perhaps the recording was not stopped before exiting). Inferring from the file size.
  raw = mne.io.read_raw_edf(str(psg_path), preload=True, verbose=False)
/home/shamique/projects/sleep/scripts/preprocess_sleep_edf_expanded.py:76: RuntimeWarning: Channels contain different highpass filters. Highest filter setting will be stored.
  raw = mne.io.read_raw_edf(str(psg_path), preload=True, verbose=False)
/home/shamique/projects/sleep/scripts/preprocess_sleep_edf_expanded.py:76: RuntimeWarning: Channels contain different lowpass filters. Lowest filter setting will be stored.
  raw = mne.io.read_raw_edf(str(psg_path), preload=True, verbose=False)
/home/shamique/projects/sleep/scripts/preprocess_sleep_edf_expanded.py:76: RuntimeWarning: Highpass cutoff frequency 16.0 is greater than lowpass cutoff frequency 0.7, setting values to 0 and Nyquist.
  raw = mne.io.read_raw_edf(str(psg_path), preload=True, verbose=False)
NOTE: pick_channels() is a legacy function. New code should use inst.pick(...).
Used Annotations descriptions: [np.str_('Sleep stage 1'), np.str_('Sleep stage 2'), np.str_('Sleep stage R'), np.str_('Sleep stage W')]
  1361 epochs, 4 channels, N1=91, REM=72 (6.5s)

[95/100] SC4731
Processing SC4731: PSG=SC4731E0-PSG.edf, Hyp=SC4731EM-Hypnogram.edf
/home/shamique/projects/sleep/scripts/preprocess_sleep_edf_expanded.py:76: RuntimeWarning: Number of records from the header does not match the file size (perhaps the recording was not stopped before exiting). Inferring from the file size.
  raw = mne.io.read_raw_edf(str(psg_path), preload=True, verbose=False)
/home/shamique/projects/sleep/scripts/preprocess_sleep_edf_expanded.py:76: RuntimeWarning: Channels contain different highpass filters. Highest filter setting will be stored.
  raw = mne.io.read_raw_edf(str(psg_path), preload=True, verbose=False)
/home/shamique/projects/sleep/scripts/preprocess_sleep_edf_expanded.py:76: RuntimeWarning: Channels contain different lowpass filters. Lowest filter setting will be stored.
  raw = mne.io.read_raw_edf(str(psg_path), preload=True, verbose=False)
/home/shamique/projects/sleep/scripts/preprocess_sleep_edf_expanded.py:76: RuntimeWarning: Highpass cutoff frequency 16.0 is greater than lowpass cutoff frequency 0.7, setting values to 0 and Nyquist.
  raw = mne.io.read_raw_edf(str(psg_path), preload=True, verbose=False)
NOTE: pick_channels() is a legacy function. New code should use inst.pick(...).
Used Annotations descriptions: [np.str_('Sleep stage 1'), np.str_('Sleep stage 2'), np.str_('Sleep stage R'), np.str_('Sleep stage W')]
  1176 epochs, 4 channels, N1=75, REM=32 (2.1s)

[96/100] SC4732
Processing SC4732: PSG=SC4732E0-PSG.edf, Hyp=SC4732EJ-Hypnogram.edf
/home/shamique/projects/sleep/scripts/preprocess_sleep_edf_expanded.py:76: RuntimeWarning: Channels contain different highpass filters. Highest filter setting will be stored.
  raw = mne.io.read_raw_edf(str(psg_path), preload=True, verbose=False)
/home/shamique/projects/sleep/scripts/preprocess_sleep_edf_expanded.py:76: RuntimeWarning: Channels contain different lowpass filters. Lowest filter setting will be stored.
  raw = mne.io.read_raw_edf(str(psg_path), preload=True, verbose=False)
/home/shamique/projects/sleep/scripts/preprocess_sleep_edf_expanded.py:76: RuntimeWarning: Highpass cutoff frequency 16.0 is greater than lowpass cutoff frequency 0.7, setting values to 0 and Nyquist.
  raw = mne.io.read_raw_edf(str(psg_path), preload=True, verbose=False)
NOTE: pick_channels() is a legacy function. New code should use inst.pick(...).
Used Annotations descriptions: [np.str_('Sleep stage 1'), np.str_('Sleep stage 2'), np.str_('Sleep stage R'), np.str_('Sleep stage W')]
  2519 epochs, 4 channels, N1=470, REM=136 (5.6s)

[97/100] SC4741
Processing SC4741: PSG=SC4741E0-PSG.edf, Hyp=SC4741EA-Hypnogram.edf
/home/shamique/projects/sleep/scripts/preprocess_sleep_edf_expanded.py:76: RuntimeWarning: Channels contain different highpass filters. Highest filter setting will be stored.
  raw = mne.io.read_raw_edf(str(psg_path), preload=True, verbose=False)
/home/shamique/projects/sleep/scripts/preprocess_sleep_edf_expanded.py:76: RuntimeWarning: Channels contain different lowpass filters. Lowest filter setting will be stored.
  raw = mne.io.read_raw_edf(str(psg_path), preload=True, verbose=False)
/home/shamique/projects/sleep/scripts/preprocess_sleep_edf_expanded.py:76: RuntimeWarning: Highpass cutoff frequency 16.0 is greater than lowpass cutoff frequency 0.7, setting values to 0 and Nyquist.
  raw = mne.io.read_raw_edf(str(psg_path), preload=True, verbose=False)
NOTE: pick_channels() is a legacy function. New code should use inst.pick(...).
Used Annotations descriptions: [np.str_('Sleep stage 1'), np.str_('Sleep stage 2'), np.str_('Sleep stage R'), np.str_('Sleep stage W')]
  2689 epochs, 4 channels, N1=158, REM=213 (6.9s)

[98/100] SC4742
Processing SC4742: PSG=SC4742E0-PSG.edf, Hyp=SC4742EC-Hypnogram.edf
/home/shamique/projects/sleep/scripts/preprocess_sleep_edf_expanded.py:76: RuntimeWarning: Number of records from the header does not match the file size (perhaps the recording was not stopped before exiting). Inferring from the file size.
  raw = mne.io.read_raw_edf(str(psg_path), preload=True, verbose=False)
/home/shamique/projects/sleep/scripts/preprocess_sleep_edf_expanded.py:76: RuntimeWarning: Channels contain different highpass filters. Highest filter setting will be stored.
  raw = mne.io.read_raw_edf(str(psg_path), preload=True, verbose=False)
/home/shamique/projects/sleep/scripts/preprocess_sleep_edf_expanded.py:76: RuntimeWarning: Channels contain different lowpass filters. Lowest filter setting will be stored.
  raw = mne.io.read_raw_edf(str(psg_path), preload=True, verbose=False)
/home/shamique/projects/sleep/scripts/preprocess_sleep_edf_expanded.py:76: RuntimeWarning: Highpass cutoff frequency 16.0 is greater than lowpass cutoff frequency 0.7, setting values to 0 and Nyquist.
  raw = mne.io.read_raw_edf(str(psg_path), preload=True, verbose=False)
NOTE: pick_channels() is a legacy function. New code should use inst.pick(...).
Used Annotations descriptions: [np.str_('Sleep stage 1'), np.str_('Sleep stage 2'), np.str_('Sleep stage R'), np.str_('Sleep stage W')]
  2589 epochs, 4 channels, N1=207, REM=208 (10.6s)

[99/100] SC4751
Processing SC4751: PSG=SC4751E0-PSG.edf, Hyp=SC4751EC-Hypnogram.edf
/home/shamique/projects/sleep/scripts/preprocess_sleep_edf_expanded.py:76: RuntimeWarning: Channels contain different highpass filters. Highest filter setting will be stored.
  raw = mne.io.read_raw_edf(str(psg_path), preload=True, verbose=False)
/home/shamique/projects/sleep/scripts/preprocess_sleep_edf_expanded.py:76: RuntimeWarning: Channels contain different lowpass filters. Lowest filter setting will be stored.
  raw = mne.io.read_raw_edf(str(psg_path), preload=True, verbose=False)
/home/shamique/projects/sleep/scripts/preprocess_sleep_edf_expanded.py:76: RuntimeWarning: Highpass cutoff frequency 16.0 is greater than lowpass cutoff frequency 0.7, setting values to 0 and Nyquist.
  raw = mne.io.read_raw_edf(str(psg_path), preload=True, verbose=False)
NOTE: pick_channels() is a legacy function. New code should use inst.pick(...).
Used Annotations descriptions: [np.str_('Sleep stage 1'), np.str_('Sleep stage 2'), np.str_('Sleep stage R'), np.str_('Sleep stage W')]
  2680 epochs, 4 channels, N1=102, REM=47 (5.9s)

[100/100] SC4762
Processing SC4762: PSG=SC4762E0-PSG.edf, Hyp=SC4762EG-Hypnogram.edf
/home/shamique/projects/sleep/scripts/preprocess_sleep_edf_expanded.py:76: RuntimeWarning: Channels contain different highpass filters. Highest filter setting will be stored.
  raw = mne.io.read_raw_edf(str(psg_path), preload=True, verbose=False)
/home/shamique/projects/sleep/scripts/preprocess_sleep_edf_expanded.py:76: RuntimeWarning: Channels contain different lowpass filters. Lowest filter setting will be stored.
  raw = mne.io.read_raw_edf(str(psg_path), preload=True, verbose=False)
/home/shamique/projects/sleep/scripts/preprocess_sleep_edf_expanded.py:76: RuntimeWarning: Highpass cutoff frequency 16.0 is greater than lowpass cutoff frequency 0.7, setting values to 0 and Nyquist.
  raw = mne.io.read_raw_edf(str(psg_path), preload=True, verbose=False)
NOTE: pick_channels() is a legacy function. New code should use inst.pick(...).
Used Annotations descriptions: [np.str_('Sleep stage 1'), np.str_('Sleep stage 2'), np.str_('Sleep stage R'), np.str_('Sleep stage W')]
  2662 epochs, 4 channels, N1=161, REM=394 (13.7s)

============================================================
Preprocessing complete: 100/100 subjects
============================================================
Total epochs:  232,219
  Wake:        161,253 (69.4%)
  N1:          10,580 (4.6%)
  N2:          37,561 (16.2%)
  N3:          7,943 (3.4%)
  REM:         14,882 (6.4%)
Time:          1224s
Manifest:      /home/shamique/projects/sleep/data/manifests/sleep_edf_expanded.json
